id,silver,exp,br
us_m2a4,0,,1.0
us_m3_stuart,700,2900,2
us_m3a1_stuart,6300,5900,2.3
us_m5a1_stuart,10000,7900,2.7
us_m24_chaffee,22000,11000,3.7
us_m18_hellcat,135000,40000,6
us_m41_walker_bulldog,155000,46000,6.3
us_t92,210000,71000,7
us_m551,340000,120000,8
us_xm_800t,380000,135000,8.7
us_m3_bradley,450000,160000,8.3
us_stingray,620000,220000,9.3
us_m3a3_bradley,710000,260000,10
us_m10_booker_late,830000,300000,10.7
us_hstv_l,950000,350000,12
us_m2_medium,700,2900,1.3
us_m3_lee,10000,7900,2.7
us_m4a1_1942_sherman,16000,9200,3.3
us_m4_sherman,22000,5600,3.7
us_m4a2_sherman,32000,6900,4
us_m4a1_76w_sherman,47000,18000,5
us_m4a2_76w_sherman,105000,33000,5.3
us_m4a3e8_76w_sherman,135000,20000,5.7
us_m4_t26,155000,46000,6
us_t25,185000,27000,6.3
us_m26_pershing,200000,63000,6.7
us_m46_patton,210000,71000,7
us_m47_patton_ii,240000,82000,7.3
us_m48a1_patton_iii,270000,48000,7.7
us_m60,340000,120000,8
us_m60a1,380000,135000,8.3
us_m60a1_rise_passive_era,450000,81000,8.7
us_m60a3_tts,520000,190000,9
us_m60_120s,710000,260000,10.3
us_m1a1_hc_abrams,950000,350000,12
us_lvt_a_1,0,,1.0
us_m22_locust,2100,4000,2
us_m6a1,76000,26000,5
us_t1e1,105000,17000,5.3
us_m4a3e2_sherman_jumbo,105000,33000,5.7
us_t1e1_90,135000,40000,5.7
us_m4a3e2_76w_sherman_jumbo,155000,46000,6.3
us_t26e5,185000,54000,6.7
us_t26e4_superpershing,200000,31000,6.7
us_t34,210000,71000,6.7
us_t32,240000,82000,7.3
us_t32e1,270000,48000,7.7
us_m103,300000,105000,7.7
us_t95e1,380000,135000,8.3
us_xm_803,520000,190000,9
us_mbt_70,620000,110000,9.3
us_m1_abrams,710000,260000,10.7
us_m1a1_abrams,830000,300000,11.7
us_m1_ip_abrams,950000,175000,11.3
us_m1a2_abrams,1080000,400000,12
us_m1a2_sep_abrams,1100000,200000,12.7
us_m1a2_sep2_abrams,1100000,410000,12.7
us_halftrack_m13,700,2900,1.7
us_halftrack_m15,2100,4000,1.7
us_halftrack_m16,10000,7900,2.7
us_t77e1,22000,11000,4
us_m19,47000,18000,4
us_m42_duster,76000,13000,4
us_skink_aa,155000,46000,5.3
us_m163_vulcan,270000,95000,7.3
us_xm246,380000,135000,8.3
us_m247,520000,190000,9
us_mim_72_chaparral,620000,110000,9
us_lav_ad,710000,260000,10
us_xm_975_roland,830000,300000,10
us_adats_bradley,1080000,400000,11.7
us_sl_amraam_fcs,1100000,410000,12.3
us_nasams_fcs,1120000,420000,12.7
us_m2a2,700,2900,1.0
us_m8_scott,2100,4000,1.3
us_halftrack_m3_75mm_gmc,6300,5900,1.7
us_m4a3_105_sherman,16000,9200,3
us_m10,22000,11000,3.3
us_m44,47000,18000,4
us_m55,76000,13000,4
us_m36,105000,33000,5.3
us_m36b2,135000,20000,5.7
us_m109a1,155000,46000,6.3
us_m56_scorpion,185000,54000,6.7
us_m50_ontos,200000,31000,6.7
us_t95,240000,82000,7
us_m60a2,380000,135000,8.3
us_m1128_mgs,710000,260000,10.3
us_m2a4_1st_armor_div,0,,1.0
us_lvt_a_4,0,,1.3
us_m3a1_stuart_usmc,0,,2.3
us_m5a1_stuart_canadian_5st_arm,0,,2.7
us_mk1_grant,0,,2.7
us_lvt_a1_m24,0,,2.7
us_m4a5_ram_2,0,,3.7
us_m24_chaffee_tl,0,,3.7
us_m4_sherman_promo,0,,3.7
us_t14,0,,4.7
us_m4a3e2_sherman_jumbo_cobra_king,0,,5.7
us_m4a3e8_76w_sherman_kit_3rank,0,,5.7
us_m18_hellcat_kit_3rank,0,,6
us_skink_aa_kit_3rank,0,,5.3
us_m18_super_hellcat,0,,6.3
us_t20,0,,6.3
us_m26_t99,0,,6.7
us_m26e1_pershing,0,,6.7
us_m46_patton_73_armor_bat,0,,7
us_m728,0,,7
us_t54e2,0,,7.7
us_t54e1,0,,8
us_t58,0,,8.3
us_m901_itv,0,,8.3
us_xm1_chrysler,0,,9
us_xm1_gm,0,,9.3
us_m1128_wolfpack,0,,10.3
us_m1_abrams_kvt,0,,10.7
us_m1a1_aim_abrams,0,,12
us_m1a1_hc_usmc,0,,12
us_m1a1_hc_usmc_sm,0,,12
us_rdf_lt,0,,12
us_lvt_a_1_trb,0,,1.0
us_m8_greyhound,0,,1.0
us_m8_scott_snowball,0,,1.3
us_lvt_4_zis_2,0,,2.3
us_m5a1_stuart_td,0,,2.7
us_m8a1,0,,2.7
us_t18_e2,0,,3
us_m4_sherman_calliope,0,,4
us_t55e1,0,,4.3
us_t86,0,,6
us_m18_hellcat_black_cat,0,,6
us_t28,0,,6.3
us_m551_76,0,,7
us_t30,0,,6.7
us_m6a2e1,0,,6.7
us_t29,0,,7
us_t114,0,,7.7
us_magach_3,0,,8
us_efv_p1,0,,9.3
us_merkava_mk_1,0,,9.3
us_merkava_mk_2b_late,0,,9.7
us_xm_8,0,,9.7
us_ccvl,0,,10
us_m60a3_slep,0,,10
us_losat_ccv,0,,10
us_ags_teledyne,0,,12
us_merkava_mk_3d,0,,11.3
ah_1g,370000,,8
uh_1b,390000,99000,8.3
uh_1c,490000,150000,8.7
ah_1f,990000,370000,9.7
ah_1w,1000000,380000,11
ah_1z,1020000,400000,12
ah_6m,990000,370000,10.3
oh_58d,1000000,380000,10.3
mh_60l_dap,1020000,400000,11.3
ah_64a,1010000,390000,11.7
ah_64d,1020000,400000,12
ah_64e,1030000,400000,13
h_34,0,,7.7
uh_1c_xm_30,0,,8.7
rah_66,0,,11.3
ah_64a_greece_usa,0,,11.7
ah_64a_peten,0,,11.7
ah_56a,0,,9.7
yah_64,0,,11.3
p-26a_34_m2,0,,1.0
p-26a_33,700,2900,1.0
p-26b_35,2100,2000,1.0
p-400,10000,7900,2
p-38e,16000,9200,3
p-38g,22000,5600,3.3
p-39n,22000,11000,2.7
p-39q_5,32000,6900,2.7
p-63a-5,47000,18000,3.3
p-63a-10,105000,33000,4
p-63c-5,135000,20000,4
p-38j,155000,46000,4.3
p-38l,185000,27000,4.7
f-82e,210000,71000,5.3
f-80a,240000,82000,7
f-80,300000,105000,7.7
f-104a,450000,160000,9.3
f-104c,520000,94000,9.3
f-5e,830000,300000,11
f_16a_block_10,1080000,400000,12.3
f_16a_block_15_adf,1100000,200000,13.3
f_16c_block_50,1100000,410000,13.7
p-36a,700,2900,1.3
p-36c,2100,4000,1.7
p-36g,10000,7900,2.7
p-40e,16000,9200,2.7
p-40f_10,22000,5600,2.7
p-51c-10-nt,22000,11000,3.7
p-51_mk1a_usaaf,47000,18000,3.7
p-51d-5,76000,13000,4
p-47d_22_re,76000,26000,3.7
p-47d,105000,17000,4.3
p-47d-28,105000,33000,4.7
p-47n-15,135000,20000,4.7
p-51d-30_usaaf_korea,155000,46000,5
p-51h-5_na,185000,54000,6.3
f-84b,240000,82000,7
f-84g,270000,48000,7.7
f-86a-5,300000,105000,8
f-86f-25,340000,61000,8.3
f-86f-2,380000,135000,8.7
f-100d,520000,190000,9.3
f-4c,710000,260000,10
f-4e,950000,350000,11.3
f_15a,1080000,400000,13
f_15c_msip2,1100000,410000,13.7
f_15c_golden_eagle,1120000,420000,14.3
bf2c_1,0,,1.0
f3f-2,700,2900,1.3
f2a-1,2100,4000,2
f2a-3,10000,7900,2.3
f4f-3,16000,9200,2.3
f4f-4,22000,5600,3
f6f-3,32000,6900,3.3
f4u-1a,22000,11000,2.7
f4u-1a_usmc,32000,6900,3
f4u-1d,47000,9200,3
f4u-4,47000,18000,4.3
f8f1,76000,26000,4.7
f6f-5n,105000,33000,4.3
f4u-1c,155000,46000,4.7
f4u-4b,185000,27000,5.7
f8f1b,185000,54000,6.3
f7f1,200000,31000,6.3
f2h-2,240000,82000,7.3
f9f-2,270000,95000,8
f9f-5,300000,53000,8
f9f-8,340000,61000,8.3
f3h-2,450000,160000,9
f8u-2,620000,220000,10.3
f-8e,710000,260000,10.7
f-4j,950000,350000,12
fa_18a,1080000,400000,12.3
f_14a_early,1100000,410000,12.7
f_14b,1100000,200000,13
fa_18c_late,1120000,420000,14
fa_18e_block_2,1120000,420000,14.3
os2u_1,0,,1.0
os2u_3,0,,1.0
sb2u-2,700,2900,1.0
sb2u-3,2100,2000,1.7
tbf-1c,2100,4000,1.7
sbd-3,6300,3000,2
p-51_a-36,10000,7900,2.7
a-20g,16000,9200,2.7
sb2c_1c,22000,11000,3
sb2c_4,32000,6900,3.7
pbj_1j,47000,18000,3.7
pbj_1h,76000,13000,3.7
p-61c_1,76000,26000,4
a-26b_10,155000,46000,5
a-26b,185000,27000,5.3
douglas_ad_2,185000,54000,5.7
douglas_ad_4,200000,31000,6
am_1_mauler,210000,35000,5.7
f3d_1,240000,82000,7
f-84f,340000,120000,8.3
a_4b,380000,135000,8.7
fj_4b,450000,81000,8.7
av_8c,620000,220000,9.7
a_10a_late,710000,260000,10.7
a_7d,830000,300000,10.3
a_7e,950000,175000,10.7
a_10c,950000,350000,11.7
av_8b_plus,1100000,410000,13
tbd-1_1938,700,2900,1.0
b_18a,2100,2000,1.3
pby-5,2100,4000,1.3
pby-5a,6300,3000,1.7
pbm_1,6300,5900,2
b_34,10000,7900,3.3
b_25j_1,16000,9200,3.7
b_25j_20,22000,11000,3.7
b_26b_c,47000,18000,4.3
b-17e,76000,26000,4.7
b-17e_late,105000,17000,5
pb4y-2,135000,40000,4.7
b-17g,155000,46000,5
b_24d,185000,27000,5.7
b-29,200000,63000,7
b-57,300000,105000,8.3
b-57b,340000,61000,8.3
b_66b,520000,190000,9
f-105d,710000,260000,10
f_111a,830000,300000,10.7
f_111f,950000,350000,11.7
f_15e,1120000,420000,14
f3f-2_galer,0,,1.3
p-36c_rb,0,,1.7
f2a-1_thach,0,,2
soc_1,0,,1.3
o3u_1,0,,1.3
p-40e_td,0,,2.7
ki_43_2_late,0,,2.7
p-51a_tl,0,,3
p-38g_metal,0,,3.3
ki_61_1a_otsu_usa,0,,3.7
a6m2_zero_usa,0,,3.7
btd-1,0,,4
xp-55,0,,4.3
xp-50,0,,4
bf-109f-4_usa,0,,4
fr_1_fireball,0,,4.3
xa_38,0,,3.7
p-51d-20-na,0,,4
p-51d-10,0,,4.3
p-47m-1-re,0,,5.7
p-47m-1-re_boxted,0,,5.7
fw-190a-8_usa,0,,5
spitfire_ix_usa,0,,5.7
douglas_a_1h,0,,6.3
f-89b,0,,7
f-89d,0,,7
a_4e_early,0,,8.7
f_117,0,,8.7
av_8a,0,,9.7
a_10a_early,0,,10.3
f-5c,0,,10.7
av_8b_na,0,,11.3
f-4s,0,,12
f_20a,0,,12.3
fa_18c_early,0,,12.7
p-26a_34,0,,1.0
p-36a_rasmussen,0,,1.3
b_10b,0,,1.3
sc_1,0,,1.3
p-40c,0,,2.3
yp-38,0,,3
p-43a-1,0,,2.7
pbm_3,0,,3
xf5f,0,,2.3
pbm_5a,0,,3.3
p-61a_1,0,,3.7
pv_2d,0,,3.7
p-63c-5_kingcobra_animal_version,0,,4
p-38j_marge,0,,4.3
p-38k,0,,5.3
a-26c,0,,5.3
a-26c-45-dt,0,,5.3
xf5u_1,0,,5.3
p-59a,0,,5.7
f4u-4b_vmf_214,0,,5.7
f4u-6_au-1,0,,5.7
f2g-1,0,,6
f7f3,0,,6.3
a2d,0,,7
f-86f-35,0,,8.3
fj_4b_agm_12b,0,,8.7
f11f_1_late,0,,9
f4d_1,0,,9
f_106a_1972,0,,9.3
f-5a,0,,10.7
a_6e_tram,0,,10.7
a_7k,0,,11.3
f_14a_iriaf,0,,13
us_destroyer_clemson_litchfield,0,,3.3
us_destroyer_farragut_1942,5000,5300,3.7
us_destroyer_fletcher,22000,11000,4.7
us_destroyer_porter_1941,70000,21000,5.3
us_destroyer_somers,87000,25000,5.3
us_destroyer_cf_adams_class_cf_adams,115000,33000,5.3
us_destroyer_forrestsherman_class,150000,46000,5.3
us_cruiser_atlanta_class_atlanta,185000,59000,5.7
us_cruiser_worcester_class_roanoke,280000,90000,6.3
us_battleship_texas,540000,180000,6.7
us_battleship_arizona_1931,900000,300000,7.3
us_battleship_colorado_class_colorado,1050000,350000,7.7
us_destroyer_clemson_barker,700,2900,3.3
us_destroyer_bagley_class_bagley,8700,7000,4
us_destroyer_mitscher,31000,13000,4.7
us_cruiser_omaha_class_trenton,55000,18000,5
us_cruiser_omaha_class_raleigh,70000,21000,5
us_cruiser_cleveland_class_cleveland,150000,46000,6
us_cruiser_fargo_class,185000,59000,6
us_cruiser_brooklyn_class_brooklyn,230000,36000,6.3
us_battleship_north_dakota,340000,110000,6.3
us_battleship_wyoming_class,440000,145000,6.7
us_battleship_nevada,780000,260000,7.3
us_battleship_tennessee,900000,300000,7.7
us_battleship_south_dakota,1150000,400000,8.3
us_battleship_iowa_class_iowa,1190000,410000,8.7
us_destroyer_sumner,38000,15000,5
us_destroyer_gearing,55000,18000,5
us_cruiser_northampton_class,115000,33000,5.7
us_cruiser_portland_class,150000,23000,5.7
us_cruiser_pensacola_class,185000,30000,5.7
us_cruiser_new_orleans_class,230000,73000,6
us_cruiser_baltimore_class_pittsburgh,340000,110000,6.3
us_cruiser_oregon_class,440000,145000,6.3
us_battlecruiser_alaska_class,660000,220000,7.3
us_destroyer_clemson_welborn_c_wood,0,,3.3
us_destroyer_mitscher_wilkinson,0,,4.7
us_destroyer_gearing_frank_knox,0,,5
us_destroyer_fletcher_cowell,0,,4.7
us_destroyer_porter_1942,0,,5.3
us_destroyer_fletcher_bennion,0,,4.7
us_cruiser_brooklyn_class_helena,0,,6.3
us_cruiser_baltimore_class,0,,6.3
us_battleship_arkansas,0,,6.7
us_battleship_mississippi,0,,7.7
us_battleship_colorado_class_maryland,0,,7.7
us_destroyer_somers_davis,0,,5.3
us_destroyer_porter_1944,0,,5
us_cruiser_omaha_class_detroit,0,,5
us_cruiser_des_moines_class_newport_news,0,,6.7
us_cruiser_des_moines_class,0,,6.7
us_pt6,0,,1.0
us_nasty_ptf,2100,4000,1.7
us_elco_80ft_pt_boat,16000,9200,1.7
us_higgins_78ft_pt71,22000,11000,2
us_elco_80ft_pt_boat_mod01,47000,18000,2.3
us_elco_80ft_pt_boat_mod02,115000,36000,3
us_tucumcari_pgh2,300000,89000,3
us_pt812,360000,120000,3.3
us_pt810,640000,220000,3.3
us_frigate_tacoma,700000,250000,3.3
us_frigate_dealey,780000,280000,3.7
us_elco_77ft_pt20,700,2900,1.7
us_huckins_78ft_pt95,2100,4000,1.7
us_pc_451,10000,7900,2.3
us_sc_497,32000,14000,2.3
us_higgins_78ft_pt625,76000,26000,2.7
us_elco_77ft_pt59,180000,48000,3
us_ashville_class,250000,75000,3.3
us_admirable_class,300000,89000,3.7
us_lcs_l_3,700000,250000,3.7
us_frigate_buckley_class_coolbaugh,780000,280000,4
us_pgm_59_class,180000,48000,3.3
us_pgm_9_class,300000,89000,3.3
us_cyclone_class_cyclone,700000,250000,3.3
us_pt3,0,,1.0
us_pc_466_carmi,0,,2.3
us_elco_80ft_pt174,0,,2.3
us_lcm_zippo,0,,2.3
us_elco_80ft_pt_boat_thunderbolt,0,,3
us_pt811,0,,3.7
us_ashville_class_douglas,0,,4
us_huckins_78ft_pt262,0,,2
us_elco_80ft_pt109_boat,0,,1.7
us_higgins_78ft_pt658,0,,2.7
us_flagstaff_pgh1,0,,3
germ_garford_putilov,0,,1.0
germ_pzkpfw_35t,0,,1.0
germ_pzkpfw_38t_ausf_a,700,2900,1.3
germ_pzkpfw_38t_ausf_f,2100,4000,2.3
germ_pzkpfw_38t_na,6300,3000,2.3
germ_amd_35_kwk39,10000,7900,2.7
germ_sdkfz_234_2,22000,11000,3.7
germ_pzsfl_iva_dickermax,32000,14000,3.7
germ_pzsflk40_sturer_emil,47000,9200,4
germ_sdkfz_9_flak37,47000,18000,4
germ_m44,76000,13000,4
germ_panzerjager_nashorn,105000,33000,5.3
germ_waffentrager_krupp_steyr,135000,20000,5.7
germ_m109g,155000,46000,6
germ_le_kpz_m41,200000,63000,6.7
germ_marder_1a1,270000,95000,7.7
germ_bmp_1_ddr,300000,53000,8
germ_marder_1a3,300000,105000,8
germ_marder_df_105,340000,61000,8
germ_thyssen_henschel_tam,450000,160000,9
germ_sk105_a2,520000,94000,8.7
germ_begleitpanzer_57,520000,190000,9.7
germ_radpanzer_90,710000,260000,10
germ_thyssen_henschel_tam_2c,830000,150000,10.3
germ_schutzenpanzer_puma,830000,300000,10.3
germ_schutzenpanzer_puma_vjtf,950000,175000,11
germ_beutepanzer_mk_iv,0,,1.0
germ_pzkpfw_iii_ausf_e,0,,1.0
germ_pzkpfw_iii_ausf_b,0,,1.0
germ_pzkpfw_iii_ausf_f,2100,4000,1.3
germ_pzkpfw_iii_ausf_j_l42,6300,5900,2.3
germ_pzkpfw_iii_ausf_j,10000,7900,2.7
germ_pzkpfw_iii_ausf_l,22000,11000,3
germ_pzkpfw_iii_ausf_m,32000,6900,3.3
germ_pzkpfw_vi_ausf_h1_tiger,105000,33000,5.7
germ_pzkpfw_vi_ausf_e_tiger,135000,40000,6
germ_pzkpfw_vi_ausf_b_tiger_iip,200000,63000,6.7
germ_pzkpfw_vi_ausf_b_tiger_iih,210000,71000,6.7
germ_mkpz_m48a2c,270000,95000,7.7
germ_mkpz_m48a2ga2,380000,135000,8.3
germ_kpz_70,520000,190000,9.3
germ_mkpz_super_m48,620000,110000,9.3
germ_kpz_t72m1,620000,220000,9.3
germ_leopard_2k,710000,260000,10
germ_a7v,0,,1.0
germ_pzkpfw_iv_ausf_c,700,2900,1.3
germ_pzkpfw_ii_ausf_c,2100,4000,1.3
germ_pzkpfw_ii_ausf_f,6300,3000,1.7
germ_pzkpfw_iv_ausf_e,6300,5900,2
germ_pzkpfw_iv_ausf_f,6300,3000,2
germ_pzkpfw_iv_ausf_f2,16000,9200,3.3
germ_pzkpfw_iv_ausf_g,22000,5600,3.3
germ_pzkpfw_iv_ausf_h,22000,11000,3.7
germ_pzkpfw_iv_ausf_j,32000,6900,3.7
germ_vk_3002m,76000,26000,5
germ_pzkpfw_v_ausf_d_panther,105000,33000,5.3
germ_pzkpfw_v_ausf_a_panther,155000,46000,6
germ_pzkpfw_v_ausf_g_panther,185000,27000,6
germ_pzkpfw_v_ausf_f_panther,200000,31000,6
germ_leopard_i,340000,120000,8
germ_leopard_i_a1,450000,160000,9
germ_leopard_1a5,520000,94000,9.3
germ_leopard_2a4,830000,300000,10.7
germ_leopard_2a5,1080000,400000,12.3
germ_leopard_2a6,1100000,200000,12.7
germ_leopard_2a5_pso,1100000,410000,12.7
germ_leopard_2a7v,1120000,420000,12.7
germ_flakpanzer_i_ausf_a,700,2900,1.3
germ_flakpanzer_38t_gepard,2100,2000,1.7
germ_sdkfz_222,2100,4000,2
germ_sdkfz_6_2_flak36,6300,5900,2.3
germ_sdkfz_251_21,32000,14000,3.3
germ_flakpanzer_iv_ostwind,47000,18000,3.3
germ_flakpanzer_iv_wirbelwind,76000,13000,3.7
germ_flakpanzer_iv_ostwind_2,135000,40000,5.3
germ_flakpanzer_zerstorer_45,200000,63000,6
germ_flakpanzer_iv_kugelblitz,210000,71000,6.7
germ_wiesel_1_mk20,240000,82000,7.3
germ_sppz2_luchs_a2,270000,95000,7.3
germ_flakpz_i_gepard,380000,135000,8.3
germ_wiesel_2_adwc,520000,190000,9.7
germ_flakpz_1a2_gepard,620000,110000,9.7
germ_flarakpz_1,830000,300000,10
germ_9a33bm3,950000,175000,10.3
germ_9a35_m,950000,350000,10.3
germ_flarakrad,1080000,400000,11.7
germ_iris_slm_fcs,1100000,410000,12.7
germ_sturmpanzer_ii,700,2900,1.0
germ_sdkfz_221_s_pz_b_41,2100,2000,1.0
germ_panzerjager_1,2100,4000,1.3
germ_sdkfz_251_9,6300,3000,1.3
germ_pzkpfw_38t_marder_iii,6300,5900,2.3
germ_stug_iii_ausf_a,6300,3000,2.3
germ_pzkpfw_38t_marder_iii_ausf_h,10000,7900,3
germ_stuh_iii_ausf_g,16000,4600,3
germ_stug_iii_ausf_f,22000,5600,3.3
germ_stug_iii_ausf_g,32000,14000,4
germ_m55,47000,18000,4
germ_jgdpz_iv_l48,76000,26000,4.3
germ_jgdpz_38t,105000,17000,4.3
germ_pz_iv_l70,105000,33000,5.7
germ_panzerjager_panther,155000,46000,6.3
germ_kanonenjagdpanzer,185000,27000,6.3
germ_panzerjager_tiger_p_ferdinand,200000,63000,6.7
germ_panzerjager_tiger,210000,35000,6.7
germ_pzh_2000,270000,95000,7.7
germ_spz_oerlikon_raketenautomat,300000,105000,8
germ_raketenjagdpanzer_2,340000,61000,8
germ_raketenjagdpanzer_2_hot,380000,135000,8.3
germ_jaguar_2,450000,160000,9
germ_wiesel_1_tow,710000,260000,9.7
germ_pzkpfw_35t_romania_mare,0,,1.0
germ_pzkpfw_ii_ausf_c_td,0,,1.3
germ_pzkpfw_ii_ausf_c_dak,0,,1.3
germ_nbfz_vi,0,,1.3
germ_pzkpfw_38t_aufklarungspanzer,0,,2
germ_panzerwerfer_42,0,,2.3
germ_pzkpfw_iii_ausf_j_td,0,,2.7
germ_pzkpfw_iii_ausf_n,0,,3
germ_kv_2_754r,0,,3.7
germ_panzerbefelhswagen_iv_ausf_j,0,,3.7
germ_infanterie_kampfpanzer_churchill,0,,4
germ_t_34_747,0,,4.3
germ_sturmpanzer_iv_brummbar,0,,4.3
germ_pz_iv_l70_a,0,,4.3
germ_kv_1_kwk_40,0,,5
germ_panzerbefelhswagen_vi_p,0,,5.7
germ_sturmmorser_sturmtiger,0,,5.7
germ_panzerbefelhswagen_jagdpanther,0,,6.3
germ_panzerjager_tiger_p_elefant,0,,6.7
germ_panther_ii,0,,7
germ_mkpz_m47,0,,7.3
germ_marder_clovis,0,,8
germ_erprobungstrager_3_achs_turm,0,,8.3
germ_thyssen_henschel_tam_2ip,0,,9.3
germ_leopard_a1a1_120,0,,9.3
germ_leopard_c2_mexas,0,,9.3
germ_boxer_3105,0,,10.3
germ_vilkas,0,,10.7
germ_leopard_2a4m_can,0,,12
germ_leopard_2a4m_can_sm,0,,12
germ_leopard_2pl,0,,12.3
germ_sdkfz_251_10,0,,1.0
germ_sdkfz_234_1,0,,2
germ_sdkfz_234_3,0,,2
germ_amd_35_kwk,0,,2
germ_pzkpfw_ii_ausf_h,0,,2.7
germ_sdkfz_251_22,0,,3
germ_sdkfz_234_2_td,0,,3.7
us_m4a2_1944_germ,0,,4
germ_kv_1b_finland,0,,4.3
germ_sdkfz_234_4,0,,4.7
germ_pzkpfw_vi_tiger_p,0,,5.3
germ_vsw_flak_41,0,,5.7
germ_pzkpfw_vi_ausf_h1_tiger_east,0,,5.7
germ_pzkpfw_vi_ausf_h1_tiger_west,0,,5.7
germ_flakpanzer_iv_ostwind_2_net,0,,5.3
germ_pzkpfw_vi_ausf_h1_tiger_animal_version,0,,5.7
germ_pzkpfw_v_ersatz_m10,0,,6
germ_flakpanzer_v_coelian,0,,7
germ_spz_12_3,0,,7
germ_pzkpfw_vi_ausf_b_tiger_iih_sla,0,,6.7
germ_pzkpfw_vi_ausf_b_tiger_iih_kwk46,0,,7
germ_ru251,0,,7.3
germ_pzkpfw_e_100,0,,7.7
germ_pzkpfw_maus,0,,7.7
germ_vt_1_2,0,,8.7
germ_th_800_bismark,0,,9
germ_th_400,0,,9.7
germ_leopard_2av,0,,10.3
germ_leopard_2_pt14,0,,11
germ_leopard_2a4_pzbtl_123,0,,10.7
sa_313b,390000,,8.3
uh_1d,490000,150000,8.3
bo_105pah1,980000,360000,9.3
bo_105pah1_a1,990000,370000,9.3
tiger_uht,1020000,400000,13
mi_8tb,490000,150000,8.3
mi_24p_german,1000000,380000,9.7
bo_105cb2,0,,9.3
mi_24p_german_hfs80,0,,9.7
tiger_had_spain,0,,11
bf-109b_2,700,2900,1.3
bf-109c_1,2100,4000,1.7
bf-109e-1,10000,7900,2.3
bf-109e-3,16000,9200,2.3
bf-109e-4,22000,5600,3
bf-109f-1,22000,11000,2.7
bf-109f-2,32000,6900,3
bf-109f-4,47000,18000,4
bf-109f-4_trop,76000,13000,4
bf-109g-2,155000,46000,4.3
bf-109g-6,185000,27000,4.7
bf-109g-14,185000,54000,5.3
bf-109g-10,200000,31000,5.7
bf-109k-4,210000,71000,5.7
me-262a-1a,270000,95000,7
me-262c-1a,300000,53000,7.3
me-262c-2b,340000,61000,7.7
me-163b,300000,105000,8
me-163b-0,340000,61000,8.3
f-86_canadair_german,380000,135000,8.7
f-86_cl_13b_mk6,520000,94000,9
f-86k_late_german,520000,190000,9
f-104g,710000,260000,11
f-4f_late,830000,300000,11
f-4f_kws_lv,1080000,400000,13
ef_2000_block_10,1100000,410000,14.3
ef_2000_aesa,1120000,420000,14.3
he51a1,0,,1.0
he51b1,0,,1.0
he51c1,0,,1.0
he51c1_late,0,,1.0
he_112v_5,700,2900,1.3
he_112a_0,2100,2000,1.7
he_100d_1,2100,4000,1.7
he_112b_0,10000,7900,2
c_3604,16000,9200,2.7
fw-190a-1,22000,11000,3
fw-190a-4,47000,18000,4
fw-190a-5_u2,76000,13000,4
fw-190d-9,105000,33000,5
fw-190a-5_cannons,155000,46000,4.3
fw-190a-8,185000,27000,5
fw-190a-5,185000,54000,4.3
fw-190d-12,200000,31000,5
ta-152h-1,210000,71000,6
ta-152c,210000,35000,6.3
he-162a-2,270000,95000,6
mig-15bis_nr23_german,340000,120000,8.3
mig-17p_lim_5p,450000,160000,8.7
mig-19s,620000,220000,9.3
mig-21_mf,710000,260000,10.3
mig-21_bis_sau,830000,150000,11
mig_23mla,950000,350000,11.7
mig_29_9_12_germany,1080000,400000,12.7
mig_29_9_12g,1100000,410000,13
do_17z_7,700,2900,1.3
do_217j_1,2100,4000,2
do_217j_2,6300,3000,2.3
ju-88c-6,10000,7900,2.3
do_217n_1,16000,9200,2.3
do_217n_2,22000,5600,2.7
bf-110c-4,22000,11000,2.7
bf-110f-2,32000,6900,3
bf-110g-2,47000,18000,3.7
bf_110g_4,76000,13000,3.7
me-410a-1_u2,76000,26000,3.7
me-410b-1_u2,105000,17000,4.3
me-410b-6_r3,155000,46000,5
go229_v3,300000,105000,7
fiat_g91_r3,380000,135000,8.7
alpha_jet_a,450000,160000,8.7
tornado_ids_de_assta1,1080000,400000,11.7
tornado_ids_de_assta3_sle,1100000,410000,12.3
hs-123a-1,700,2900,1.0
ju-87b-2,2100,4000,1.0
ju-87r-2,6300,3000,1.3
ju-87g_1,6300,5900,1.3
ju-87g_2,10000,4000,1.7
hs-129b-3,10000,7900,2
hs-129b-2,16000,4600,2.3
ju-87d-3,16000,9200,2
ju-87d-5,22000,5600,3.3
me-410a-1_u4,22000,11000,2.7
me-410b-2_u4,32000,6900,3
me-410a-1,47000,18000,3.3
me-410b-1,76000,13000,3.7
do_335a_1,76000,26000,4.3
do_335a_0,105000,17000,4.7
fw-190f-8,155000,46000,5
me-262a-1a_u4,210000,71000,6.3
me-262a-1a_early,300000,105000,7
f-84f_germany,380000,135000,8.3
mig_23bn,620000,220000,9.7
su_22um3k,710000,260000,11
su_22m4,830000,300000,11
do_17e_1,700,2900,1.0
do_17z_2,2100,2000,1.7
he_115c_1,2100,4000,1.3
bv-138c-1,2100,2000,1.7
he-111h-2,6300,5900,2
fw_200c_1,10000,7900,2
ju-88a-1,16000,9200,2
ju-88a-4,22000,5600,3
he-111h-6,22000,11000,2.7
he-111h-16_winter,32000,6900,3
me_264,47000,18000,5
do_217e_2,76000,26000,4.3
do_217e_4,105000,17000,4.7
do_217k_1,155000,46000,4.7
do_217m_1,185000,27000,4.7
ju-188a-2,185000,54000,5.3
he-177a-5,210000,71000,6
arado-234,240000,82000,6.3
arado-234c-3,270000,48000,7.3
il_28_german,300000,105000,8
hunter_f58a_1971_switzerland,520000,190000,9.3
mirage_3s_c70_switzerland,710000,260000,10.3
f-5e_switzerland,830000,300000,11
fa_18c_late_switzerland,1120000,420000,14
bf-109a_1,0,,1.3
ju-87r-2_snake,0,,1.3
fiat_cr42_marcolin,0,,1.3
fiat_cr42,0,,1.3
fiat_g50_seria2,0,,1.7
fiat_g50_seria7as,0,,1.7
mc200_serie3,0,,2.3
mc200_serie7,0,,2.3
mc-202,0,,3
he_112b_1,0,,2
il_2_1942_luftwaffe,0,,3
bf_109t_2,0,,3
yak-1b_luftwaffe,0,,3
bv-238,0,,3.7
p-47d_16_re_germany,0,,3.7
ta_154a_1,0,,4.3
fw_190a_5_u14,0,,4
bf-109g-2_romania,0,,4.3
he_219a_7,0,,4.3
do_335b_2,0,,5.7
tempest_mkv_luftwaffe,0,,5.7
ju-288c,0,,6
he-177a-3,0,,6
me-262a1_u1,0,,7.3
sea_hawk_mk100,0,,8.3
fiat_g91_r4_german,0,,8.7
hunter_f58_switzerland,0,,10
mig-21_sps_k,0,,9.7
mig-21_bis_lazur,0,,11
tornado_ids_de_wtd61,0,,11.3
su_22m4_de_wtd61,0,,11
tornado_ids_de_mfg,0,,11.3
fa_18c_switzerland,0,,12.7
he51b_2w,0,,1.0
arado-196a-3,0,,1.3
bf-109c_1_promo,0,,1.7
fw-189a-1,0,,2.3
fokker_d7,0,,1.0
zeppelin,0,,1.0
wellington_mk1c_luftwaffe,0,,2.3
he_112b_2,0,,2
h-75a-2_finland,0,,2.7
bf-109e-7,0,,3
bf-110c-6,0,,3
sm_79_1936,0,,1.7
sm_79_1939,0,,2
sm_79_1941,0,,2.3
sm_79_1943,0,,2.3
sm_79_iar,0,,2.3
sm_79_1937,0,,2.3
sm_79_1942,0,,2.3
hs-129b-2_romania,0,,2.3
p-47d_luftwaffe,0,,4.3
la-5fn_luftwaffe,0,,3.7
bv-155b-1,0,,3.7
bf-109z,0,,4.7
ju-388j,0,,4.3
fw-190c,0,,5
fw-190d-13,0,,5
he-162a-1,0,,6
me-262a-2a,0,,6.7
ffa_p16,0,,9
f-4f,0,,10.7
mig_23mf_germany,0,,11
germ_destroyer_class1924_leopard1932,0,,3.7
germ_destroyer_class1934a_1944,2100,4000,4
germ_destroyer_class1934a_1940,8700,7000,4.3
germ_destroyer_class1936a_mob_z32,31000,13000,4.7
germ_destroyer_class1942_z51,38000,15000,4.7
germ_destroyer_class1936c_z46,55000,18000,5
germ_destroyer_lutjens_class_lutjens,115000,33000,5.3
germ_cruiser_leipzig,150000,46000,5.3
germ_cruiser_nurnberg,185000,30000,5.7
germ_cruiser_admiral_hipper,185000,59000,6
germ_battleship_westfalen,340000,110000,6
germ_battleship_helgoland,440000,73000,6.7
germ_battleship_kaiser,440000,145000,6.7
germ_battleship_konig,540000,180000,6.7
germ_battleship_bayern,780000,260000,7
germ_battleship_sachsen,900000,300000,7
germ_battleship_bismarck,1150000,400000,8.3
germ_destroyer_class1939_t22,700,2900,3.7
germ_kanonenboot_k2,5000,5300,4.3
germ_destroyer_class1936_z20,16000,9000,4.3
germ_destroyer_class1936b,22000,11000,4.7
germ_cruiser_elbing,70000,21000,4.7
germ_cruiser_emden_1944,87000,25000,5
germ_cruiser_koln,150000,46000,5.3
germ_cruiser_admiral_graf_spee,230000,73000,6
germ_battlecruiser_von_der_tann,280000,90000,6
germ_battlecruiser_derfflinger,440000,145000,6.7
germ_battlecruiser_ersatz_yorck,660000,220000,7
germ_battleship_scharnhorst,1050000,350000,7.3
germ_destroyer_class1924_iltis,0,,3.7
germ_destroyer_fletcher_zerstorer4,0,,4.7
germ_destroyer_class1924_jaguar1941,0,,3.7
germ_destroyer_class1936c_z47,0,,5
germ_destroyer_class1936_z20_karlgalster,0,,4.7
germ_cruiser_karlsruhe,0,,5.7
germ_cruiser_prinz_eugen,0,,6
germ_battleship_nassau,0,,6
germ_battleship_ostfriesland,0,,6.7
germ_battleship_gneisenau_380mm,0,,7.7
germ_battleship_baden,0,,7
germ_destroyer_class1939_t31,0,,4
germ_destroyer_class1936a_z25,0,,4.3
germ_battlecruiser_mackensen_class,0,,7
germ_ls_class,0,,1.0
germ_s38,0,,1.0
germ_s38b,10000,7900,1.7
germ_s_100_class,22000,11000,2.3
germ_s_100_s_174_class,76000,26000,2.7
germ_pr_131,115000,36000,3
germ_vs10_hydrofoil,250000,75000,3
germ_mz_1,300000,89000,3
germ_minelayer_drache,360000,120000,3.7
germ_type143_albatros,640000,220000,3.7
germ_pr_206,860000,320000,4.3
germ_rboot_r41,700,2900,1.0
germ_rboot_r130,16000,9200,2
germ_rboot_r301,32000,14000,2.3
germ_sf40_schwere_flakkampffaehre,47000,18000,2.7
germ_sf40_leichte_flakkampffaehre,180000,48000,2.7
germ_artilleriefahrprahm_typ_d1,230000,61000,2.7
germ_artilleriefahrprahm_typ_d3,300000,89000,3.3
germ_escort_typem1935,360000,120000,4.3
germ_type140_jaguar,700000,250000,4
germ_frigate_koln,860000,320000,4.7
germ_rdm242,300000,89000,2.7
germ_schutze_class,360000,120000,3
germ_kondor2_class,640000,220000,3.3
germ_pr1331,700000,250000,4
germ_type152_hugin,780000,280000,4
germ_type153_pfeil,860000,320000,4.3
germ_ls4_class,0,,1.0
germ_km5,0,,1.7
germ_s_100_s204_lang,0,,2.3
germ_vs8_hydrofoil,0,,2.7
germ_escort_typem1943,0,,4.3
germ_skr_pr50_karl_marx,0,,4
germ_type143_bussard,0,,3.7
germ_s_700_s_701,0,,2.7
germ_frigate_koln_lubeck,0,,4.7
ussr_bt_5,0,,1.0
ussr_bt_7_1937,700,2900,1.3
ussr_bt_7_m,6300,5900,2
ussr_t_50,10000,7900,2.7
ussr_t_34_1941_l_11,16000,9200,3.3
ussr_t_34_1941,22000,5600,4
ussr_t_34_1942,22000,11000,4
ussr_t_34e_stz,32000,6900,4
ussr_t_34_1941_57,76000,26000,4.7
ussr_t_34_85_d_5t,105000,33000,5.3
ussr_t_34_85_zis_53,135000,20000,5.7
ussr_t_34_85_stp_s53,200000,63000,6.3
ussr_t_44,210000,71000,6.7
ussr_t_44_100,270000,95000,7
ussr_t_54_1947,300000,105000,7.7
ussr_t_54_1949,340000,61000,8
ussr_t_54_1951,340000,61000,8
ussr_t_55a,380000,135000,8.3
ussr_t_62,450000,81000,8.7
ussr_t_55_amd_1,450000,160000,9
ussr_t_62m1,520000,94000,9
ussr_t_72a,620000,220000,9.3
ussr_t_72b,710000,260000,10.3
ussr_t_72b_1989,830000,150000,10.3
ussr_t_90a,830000,300000,11
ussr_t_72b3_2011,950000,350000,11.7
ussr_t_72b3_arena_m,1080000,400000,12.3
ussr_t_90m_2020,1100000,410000,12.7
ussr_t_26_1940,0,,1.0
ussr_t_28_1938,700,2900,1.3
ussr_t_28,2100,4000,1.7
ussr_t_28e,10000,7900,2.3
ussr_kv_1_l_11,16000,9200,3.7
ussr_kv_2_1939,22000,5600,3.7
ussr_kv_1s,32000,14000,4.3
ussr_kv_1_zis_5,47000,18000,4.7
ussr_kv_85,76000,13000,5
ussr_is_1,135000,40000,5.7
ussr_is_2_1943,185000,54000,6.3
ussr_is_2_1944,200000,63000,6.7
ussr_is_2_1944_321,0,,6.7
ussr_is_3,270000,95000,7.3
ussr_is_4m,340000,120000,7.7
ussr_t_10m,380000,135000,8.3
ussr_object_435,450000,160000,9
ussr_t_64a_1971,520000,190000,9.3
ussr_t_64_b_1984,620000,110000,10
ussr_t_80b,830000,300000,10.7
ussr_t_80u,950000,350000,11.7
ussr_t_80bvm,1080000,400000,12.7
ussr_t_26_4,700,2900,1.0
ussr_t_60_1941,2100,4000,1.0
ussr_t_70_1942,6300,5900,2
ussr_t_80,10000,7900,2.3
ussr_asu_57,47000,18000,4.3
ussr_pt_76b,135000,40000,5.3
ussr_asu_85,200000,63000,6.3
ussr_su_100p,210000,71000,6.3
ussr_btr_80a,270000,95000,7.3
ussr_bmp_1,300000,105000,8
ussr_object_906,340000,61000,8
ussr_bmp_2,380000,135000,8.7
ussr_object_685,450000,81000,8.7
ussr_bmp_3,520000,190000,9.3
ussr_2s25,620000,110000,9.3
ussr_bmd_4m2,620000,220000,9.7
ussr_2s25m,710000,260000,10
ussr_garford_putilov,0,,1.0
ussr_su_5_1,700,2900,1.0
ussr_su_76m_1943,6300,5900,2
ussr_zis_30,10000,7900,2.3
ussr_su_57b,16000,4600,2.7
ussr_su_122,16000,9200,2.7
ussr_zsu_29k,22000,11000,3.3
ussr_su_152,47000,18000,4
ussr_su_85_1943,76000,13000,4.3
ussr_isu_152,105000,17000,4.7
ussr_su_85m,105000,33000,5
ussr_isu_122,135000,20000,5.3
ussr_isu_122s,135000,20000,5.7
ussr_su_100_1945,155000,46000,6
ussr_2s1,200000,63000,6
ussr_2s3m,210000,35000,6.3
ussr_su_122_54,240000,82000,6.7
ussr_object_268,270000,48000,7
ussr_2s19_m1,300000,105000,7
ussr_it_1,380000,135000,8.7
ussr_9p149,450000,81000,8.7
ussr_btr_82at,450000,160000,9
ussr_object_775,520000,190000,9.3
ussr_9p157,710000,260000,9.7
ussr_bmpt,830000,300000,11.3
ussr_gaz_4m,700,2900,1.0
ussr_gaz_dshk,2100,4000,1.0
ussr_gaz_mm_72k,10000,7900,2.3
ussr_btr_152a,16000,9200,2.7
ussr_zis_43,22000,5600,3
ussr_zis_12_94km_1945,22000,11000,3.3
ussr_zsu_37,47000,9200,3.3
ussr_btr_152d,76000,26000,4
ussr_btr_zd,155000,46000,6
ussr_m53_59,200000,63000,6.3
ussr_zsu_57_2,240000,82000,7
ussr_zsu_23_4m2,270000,95000,7.3
ussr_zsu_37_2,340000,120000,7.7
ussr_zsu_23_4,380000,135000,8
ussr_zsu_23_4m4,520000,190000,9.3
ussr_9a33bm3,710000,260000,10.3
ussr_9a35_m2,830000,150000,10.3
ussr_zprk_2s6,830000,300000,10.7
ussr_tor_m1,950000,350000,11.3
ussr_pantsyr_s1,1080000,400000,12
ussr_buk_m3_fcs,1100000,410000,12.7
ussr_t_26_1940_1st_gvtbr,0,,1.0
ussr_bt_7_1937_td,0,,1.3
ussr_t_35,0,,1.3
ussr_su_57,0,,2.3
ussr_pzkpfw_iii_ausf_j_l42,0,,2.3
ussr_zut_37,0,,2.3
ussr_t_126sp,0,,3
ussr_t_34_1940_l_11,0,,3.3
ussr_bt_7a_f32,0,,4
ussr_smk,0,,3.7
ussr_t_34_1941_cast_turret,0,,4
ussr_t_34e,0,,4
ussr_bm_31_12,0,,4
ussr_t_34_57_1943,0,,4.7
ussr_is_1_kit_3rank,0,,5.7
ussr_t_34_85_zis_53_kit_3rank,0,,5.7
ussr_sdkfz_251_21_kit_3rank,0,,4
ussr_m4a2_76w_sherman,0,,5.3
ussr_type_65_aa,0,,5
ussr_t_34_85_zis_53_v80,0,,5.7
ussr_kv_122,0,,5.3
ussr_t_34_85e,0,,5.7
ussr_su_122p,0,,5.7
ussr_t_44_122,0,,6.3
ussr_t_34_100,0,,6.3
ussr_is_6,0,,7.7
ussr_object_120,0,,8
ussr_to_55,0,,8
ussr_object_140,0,,8.7
ussr_t_55_am,0,,9
ussr_bmd_4m,0,,9.7
ussr_2s38,0,,10.3
ussr_t_72av_turms,0,,10.3
ussr_bmpt_72,0,,11.3
ussr_t_80ud,0,,10.3
ussr_t_80ue1,0,,12
ussr_t_80ue1_sm,0,,12
ussr_t_26e,0,,1.3
ussr_rbt_5,0,,1.3
ussr_ba_11,0,,1.3
ussr_bm_8_24,0,,1.3
ussr_su_76m_5st_kav_corps,0,,2
ussr_su_76d,0,,2.3
ussr_m3c,0,,2.7
ussr_bm_13n,0,,2.7
ussr_a_12_mk_2_matilda_2a_f96,0,,3.3
ussr_valentine_mk_9,0,,3
ussr_su_85a,0,,4
ussr_kv_2_1940,0,,3.7
ussr_kv_7_u13,0,,4.3
ussr_kv_1e,0,,4.3
ussr_su_100y,0,,4.7
ussr_kv_2_zis_6,0,,5
ussr_kv_220,0,,6
ussr_pzkpfw_v,0,,6
ussr_t_44_po,0,,6.3
ussr_is_2_1944_revenge,0,,6.7
ussr_object_248,0,,6.7
ussr_type_62,0,,6.7
ussr_2s19_m2,0,,7.3
ussr_t_10a,0,,7.7
ussr_pt_76_57,0,,8.3
ussr_is_7,0,,8.3
ussr_object_279,0,,9
ussr_bmd_4,0,,9.7
ussr_bmp_2m,0,,10.3
ussr_object_292,0,,10.7
ussr_t_72m2_moderna,0,,10.7
ussr_t_72b3_arena,0,,11
ussr_t_80um2,0,,11.7
ussr_t_80uk,0,,11.7
mi_4av,390000,,8
mi_24a,490000,150000,8.7
mi_24v,980000,360000,9.7
mi_24p,990000,370000,9.7
mi_35m,1010000,390000,10.7
mi_28n,1020000,400000,11
mi_28nm,1030000,400000,13
mi_8tv,490000,150000,8.3
mi_8amtsh,980000,360000,9.7
mi_8amtsh_vn,1020000,400000,11
ka_29,1000000,380000,9.7
ka_52,1030000,400000,12
mi_24d,0,,8.7
ka_50,0,,11.3
mi_35p,0,,11.7
yak-1_early,10000,7900,2.3
yak-1b,16000,4600,3
yak-7b,16000,9200,2.7
yak-9,22000,11000,3
yak-9b,32000,6900,3
yak-9t,47000,18000,4
yak-9k,76000,13000,4
yak-3,76000,26000,4.3
yak-9u,105000,17000,4.7
yak-3p,185000,54000,5
yak-9p,200000,31000,5
yak-3u,200000,63000,5.7
yak-9ut,210000,35000,5.7
yak-15_early,240000,82000,6.3
yak-15,270000,48000,6.7
yak-17,300000,53000,6.7
yak-23,340000,120000,8.3
yak-30d,380000,135000,8.7
yak-38m,620000,220000,9.3
yak_141,1080000,400000,12.7
i-16_type5,700,2900,1.3
mig_3_series_1_15,2100,4000,2.3
i-16_type10,6300,5900,2
i-16_type18,6300,3000,2.3
i-16_type24,6300,3000,2.7
mig_3_series_1_15_bk_pod,10000,7900,2.3
mig_3_series_34,16000,4600,2.7
i-16_type27,16000,9200,3.3
i_185_m82,47000,18000,3.7
i_185_m71_standard,76000,26000,4.3
i_225,185000,54000,5
mig-9,270000,95000,7.3
mig-9_ussr,300000,53000,7.3
mig-15_ns23,340000,120000,8
mig-15,340000,61000,8.3
mig-17,450000,160000,8.7
mig-19pt,520000,190000,9.3
mig-21_f13,620000,110000,9.3
mig-21_smt,710000,260000,10.3
mig-21_bis,830000,150000,11
mig_23m,830000,300000,11
mig_23mld,950000,175000,11.7
mig_29_9_13,1080000,400000,12.7
mig_29smt_9_19,1100000,410000,13.3
i-15_1934,0,,1.0
i-15_1935,0,,1.0
i-15_1935_moscow,0,,1.0
i-15bis,700,2900,1.0
i-153_m62,2100,2000,2.3
lagg-3-8,10000,7900,2
lagg-3-11,16000,4600,2
lagg-3-35,16000,9200,2.3
lagg-3-66,22000,5600,2.7
la-5_type37_early,22000,11000,3
la-5_type39,32000,6900,3.3
la-5fn,47000,18000,3.7
la-7,76000,26000,4.7
la-7b-20,185000,54000,5
la-9,210000,71000,6
su-9,270000,95000,7
la_200_toriy,300000,105000,7.7
la-15,340000,61000,8
su-7b,520000,190000,9
su-7bkl,620000,110000,9
su_17m2,710000,260000,10
su_17m4,830000,300000,11
su_27,1080000,400000,13
su_27sm,1100000,410000,13.7
su_30sm,1120000,420000,14.3
su_30sm2,1120000,420000,14.3
po-2,0,,1.0
po-2_nw,0,,1.0
bb-1,700,2900,1.3
su-2_mv5,2100,2000,1.7
su-2_tss1,6300,3000,2
su-2_m82,6300,3000,2.7
pe-3_early,2100,4000,2
pe-3,6300,3000,2
yak_2_kabb,6300,5900,2.3
il_2_1941,10000,7900,2.3
il-2i,16000,9200,3
il_2_37_1943,22000,5600,2.7
pe-3_bis,22000,11000,2.7
il_2m_1943,47000,18000,3.3
il-2m,76000,13000,3.3
su-6_m71,105000,33000,4.3
su-6_am42,155000,46000,4.7
il-10,185000,54000,5
il-10_1946,200000,31000,5
il_28,300000,105000,8
il_28sh,340000,61000,8
su_25,620000,220000,10.3
su_25t,950000,350000,11.3
su_25sm3,1080000,400000,11.7
sb_2m_100,700,2900,1.0
sb_2m_103c,2100,2000,2
yak-4,2100,4000,2
ar_2,6300,5900,2.3
sb_2m_103u_mv3,6300,3000,2.3
sb_2m_105,6300,3000,2.7
sb_2m_103u,0,,2.3
sb_2m_103_mv3,0,,1.7
db_3b,10000,7900,2.7
il-4,16000,4600,2.7
pe-2-1,16000,9200,3.3
pe-2-31,22000,5600,3.3
pe-2-83,32000,6900,3.3
er-2_m105_mv3,47000,18000,3.3
er-2_m105r_lu2b,76000,13000,3.7
er-2_m105_tat,0,,3.7
er-2_m105r_tat,0,,3.7
pe-2-110,76000,26000,3.7
pe-2-359,105000,17000,4.3
pe-8_m82,105000,33000,4.3
er-2_ach30b_early,155000,46000,4.3
er-2_ach30b_late,185000,27000,4.3
tu-2,185000,54000,5.3
tu-2_postwar,200000,31000,5.3
tu-2_postwar_late,210000,35000,5.7
tu_4,300000,105000,8
tu_14t,340000,120000,8
yak-28b,520000,190000,9
mig_27m,830000,300000,11
mig_27k,950000,175000,11
su_24m,950000,350000,11.3
su_34,1120000,420000,13.7
i-15bis_krasnolutsky,0,,1.0
pby-5a_ussr,0,,1.7
hp52_hampden_tbmk1_ussr_utk1,0,,1.7
tandem_mai,0,,1.7
db_lk,0,,2
kor_1,0,,1.3
kor_2,0,,1.3
lagg-3-4,0,,2.3
yak_1_litvyak,0,,2.3
p-40e_ussr,0,,2.7
hurricanemkii_ussr,0,,3
i-153p,0,,2.7
i-16_type28,0,,3.3
p-39k_1,0,,2.7
a_20g_30_ussr,0,,3.7
p-39n_su,0,,3
p-39q_15,0,,3.3
p-63a-5_ussr,0,,3.3
p-47d_ussr,0,,4.3
b_25j_30_vvs_ussr,0,,3.7
yak-3_eremin,0,,4
su_6_single,0,,4
la-7_dolgushin,0,,4.7
be_6,0,,5
la-11,0,,5.3
spitfire_ix_ussr,0,,5.7
yak-3_vk107,0,,5.7
l_39za,0,,6.7
su-11,0,,7.3
mig-15bis_ish,0,,8
mig-17_cuba,0,,9
yak-38,0,,9.3
mig-21_s,0,,9.7
su_22m3,0,,11
mig_25pd,0,,11
mig_23ml,0,,11.7
su_33,0,,13
su_30mk2v_venezuela,0,,13.3
mbr-2,0,,1.0
po-2m,0,,1.0
tb_3_m17_32,0,,1.3
i-153_m62_zhukovskiy,0,,2.3
lagg-3-23,0,,2.3
i_29,0,,3
il_2_m82,0,,2.7
i_180,0,,3
lagg-3-34,0,,2.3
lagg-i-301,0,,3
il-2m_mstitel,0,,3.3
yak-9m,0,,3.7
pe-2-205,0,,3.7
il_8_1944,0,,3.7
tis_ma,0,,4.3
itp_m1,0,,4
tu-2_early,0,,4.7
p-63c-5_ussr,0,,4
p-63a-10_ussr,0,,4
su-8,0,,4.7
fw-190d-9_ussr,0,,5
yak-3t,0,,5
tu-1,0,,5.3
bi,0,,6.7
la_174,0,,8
mig-21_pfm,0,,9.3
su-7bmk,0,,9
su_25k,0,,10.3
su_25_558arz,0,,11
su_25tm,0,,11.3
ussr_destroyer_frunze,0,,3.3
ussr_destroyer_7_besposhchadny,5000,5300,4
ussr_destroyer_moskva,8700,7000,4.3
ussr_destroyer_7y,31000,13000,4.7
ussr_cruiser_krasnyi_kavkaz,55000,18000,5
ussr_cruiser_krasnyi_krim,87000,25000,5.3
ussr_cruiser_kirov,115000,33000,5.7
ussr_cruiser_chapayev,150000,46000,6
ussr_cruiser_sverdlov,185000,30000,6
ussr_cruiser_mikhail_kutuzov,230000,36000,6
ussr_battleship_poltava,280000,90000,6.3
ussr_battleship_parizhskaya_kommuna,440000,145000,6.7
ussr_battleship_novorossiysk,660000,220000,7.3
ussr_battleship_arhangelsk,1050000,350000,7.7
ussr_battleship_pr23_sovetskij_soyuz,1150000,400000,8.7
ussr_destroyer_pr45,700,2900,3.7
ussr_destroyer_regele_ferdinand_class_letuchiy,2100,4000,4
ussr_destroyer_pr30_ognevoy,16000,9000,4.3
ussr_destroyer_pr30bis_bezuprechnyi,22000,11000,4.3
ussr_destroyer_pr20_tashkent,38000,15000,5
ussr_destroyer_pr48k_erevan,55000,18000,5
ussr_destroyer_pr56_spokoinyy,70000,21000,5.3
ussr_destroyer_pr56_bravy,115000,33000,5.3
ussr_battleship_imperatritsa_mariya,340000,110000,6.7
ussr_battlecruiser_izmail,540000,180000,7
ussr_battlecruiser_kronshtadt,780000,260000,7.3
ussr_battlecruiser_stalingrad,900000,300000,7.7
ussr_destroyer_kerch,0,,3.3
ussr_destroyer_7_ryany,0,,4.3
ussr_destroyer_pr30bis_smelyi,0,,4.3
ussr_destroyer_leningrad,0,,4.3
ussr_destroyer_pr56_blagorodny,0,,5.3
ussr_cruiser_kerch,0,,5.7
ussr_cruiser_zheleznyakov,0,,6
ussr_cruiser_shcherbakov,0,,6
ussr_battleship_marat,0,,6.7
ussr_battlecruiser_sevastopol,0,,7.3
ussr_destroyer_7y_stroyny,0,,4.7
ussr_cruiser_omaha_class_murmansk,0,,5
ussr_destroyer_pr41_neustrashimy,0,,5.3
ussr_cruiser_voroshilov,0,,5.7
ussr_cruiser_maxim_gorky,0,,5.7
ussr_g5_mtb,0,,1.0
ussr_d3,0,,1.0
ussr_pr_103_sm4,700,2900,1.3
ussr_mpk_163,10000,7900,2
ussr_pr_123bis,32000,14000,2.3
ussr_pr_123k,76000,26000,2.3
ussr_pr_1204_late,115000,36000,2.7
ussr_bmo,230000,61000,3
ussr_pr_183,360000,120000,3.3
ussr_pr_206,700000,250000,4.3
ussr_pr_206m,780000,280000,4.3
ussr_mo_4,700,2900,1.0
ussr_od_200,6300,5900,1.7
ussr_mpk_122a,16000,9200,2.3
ussr_1124_art,22000,11000,2.3
ussr_1124_ack,47000,18000,2.3
ussr_skr_groza_1943,250000,75000,3
ussr_mpk_201m,300000,89000,3.7
ussr_mpk_204,360000,120000,3.7
ussr_skr_pr50_jenot,640000,220000,4
ussr_mpk_pr1331m,780000,280000,4
ussr_skr_pr159,860000,320000,4.3
ussr_pr253l,16000,9200,1.7
ussr_pr_191,76000,26000,2.7
ussr_pr_191m,180000,48000,3
ussr_mkl_186,250000,75000,3.3
ussr_mbk_161_1944,360000,120000,3.7
ussr_mpk_pr12412,700000,250000,4.3
ussr_mpk_pr11451,780000,280000,4.7
ussr_mpk_pr_1124,860000,320000,4.7
ussr_g5_mtb_shvak,0,,1.0
ussr_ya_5m,0,,1.3
ussr_pr_123k_hydrofoils,0,,2.3
ussr_pr_1204,0,,2.3
ussr_pr_183_egypt_bm_21,0,,3
ussr_mbk_161_1943,0,,3.3
ussr_mkl_186_mk85,0,,3.3
ussr_skr_pr50plo_rosomacha,0,,4
ussr_skr_pr35,0,,4.3
ussr_g5_rct,0,,1.7
ussr_1124_rct,0,,2
ussr_mpk_122bis,0,,2.3
ussr_mpk_201k,0,,3.7
ussr_mpk_pr12412p,0,,4.3
ussr_pr_205pe_k225,0,,4.3
uk_a_13_mk1,0,,1.0
uk_a_13_mk2,700,2900,1.3
uk_crusader_mk_2,10000,7900,2.7
uk_crusader_mk_3,16000,4600,3
uk_cruiser_ram_1,16000,9200,3
uk_a27m_cromwell_5,22000,11000,3.3
uk_a27m_cromwell_1,32000,6900,3.7
uk_sherman_ii,32000,6900,3.7
uk_sherman_vc_firefly,76000,26000,4.7
uk_a30_challenger,105000,33000,5.3
uk_a_34_comet,135000,20000,5.3
uk_centurion_mk_1,155000,46000,6
uk_centurion_mk_3,210000,71000,7.7
uk_fv221_caernarvon,240000,82000,7.7
uk_conqueror_mk_2,270000,48000,7.7
uk_centurion_mk_10,300000,105000,8
uk_chieftain_mk_3,380000,135000,8.7
uk_chieftain_mk_5,450000,81000,8.7
uk_chieftain_mk_10,520000,190000,9
uk_chieftain_900,620000,110000,9
uk_challenger_1,710000,260000,10.3
uk_challenger_mk_3,830000,150000,10.7
uk_challenger_ii,950000,350000,11.7
uk_challenger_2_dorchester,950000,175000,11.7
uk_challenger_2_tes,950000,175000,11.7
uk_challenger_2_lep,1080000,400000,12
uk_challenger_2_bn,1100000,410000,12.7
uk_challenger_2e,1120000,210000,12.7
uk_m3_stuart,700,2900,2
uk_m3a1_stuart,6300,5900,2.3
uk_valentine_mk_1,10000,7900,2.7
uk_valentine_mk_11,16000,4600,2.7
uk_valentine_mk_9,22000,5600,3
uk_a_12_mk_2_matilda_2,16000,9200,2.7
uk_a_22_mk_1_churchill_1941,22000,11000,3.3
uk_a_22b_mk_3_churchill_1942,47000,18000,4
uk_churchill_na75,76000,13000,4.3
uk_a_22f_mk_7_churchill_1944,105000,33000,4.7
uk_charioteer_mk_7,185000,54000,6.3
uk_fv4202,200000,63000,7.3
uk_vickers_mbt_mk_1,300000,105000,8
uk_vickers_mbt_mk_3,380000,135000,8.3
uk_olifant_mk_1a,450000,81000,8.3
uk_olifant_mk_2,620000,220000,9.3
uk_ttd,710000,260000,10.3
uk_vickers_mk7,830000,300000,10.7
uk_a17_mk_1_tetrarch,0,,1.0
uk_daimler_mk_2,700,2900,1.3
uk_sp_17_pdr_valentine,10000,7900,2.7
uk_3_inch_gun_carrier,16000,9200,3
uk_17_pdr_m10_achilles,22000,11000,3.3
uk_m44,47000,18000,4
uk_a30_sp_avenger,76000,26000,4.7
uk_fv4005,155000,46000,6.3
uk_m109a1,185000,27000,6.3
uk_g6_spg,185000,54000,6.7
uk_a39_tortoise,200000,63000,6.7
uk_fv4004_conway,210000,35000,7
uk_fv438_swingfire,300000,105000,8
uk_fv510_isv,380000,135000,8.3
uk_ratel_zt3,450000,81000,8.3
uk_fv102_striker,450000,160000,8.3
uk_desert_warrior,710000,260000,10
uk_vickers_mk_6_aa_mk_1,2100,4000,1.0
uk_t17e2,6300,5900,2
uk_crusader_aa_mk_1,10000,7900,3
uk_armored_car_mk_2_aa,16000,9200,3.7
uk_ystervark_spaa,47000,18000,4
uk_crusader_aa_mk_2,76000,13000,4
uk_bosvark,105000,33000,5.3
uk_skink_aa,155000,46000,5.3
uk_falcon,300000,105000,8.3
uk_chieftain_marksman,380000,135000,8.3
uk_rooikat_za_35,450000,81000,8.7
uk_tracked_rapier,620000,220000,9.7
uk_stormer_air_defence,710000,260000,10
uk_9a33bm2,830000,150000,10.3
uk_stormer_hvm,830000,300000,10.3
uk_9a35_m,950000,175000,10.3
uk_adats_m113a3,1080000,400000,11.7
uk_sky_sabre_fcs,1100000,410000,12.7
uk_mark_v,0,,1.0
uk_sarc_mk4_a,700,2900,1.3
uk_marmon_herrington_mk_6_2pdr,10000,7900,2.3
uk_a25_mk_8,16000,9200,2.3
uk_marmon_herrington_mk_6_6pdr,22000,11000,3.7
uk_concept3_ngac,47000,18000,4.7
uk_ratel_90,155000,46000,6.7
uk_ratel_20,185000,27000,6.7
uk_eland_90_mk_7,200000,63000,7.7
uk_fv107_scimitar,240000,82000,7.7
uk_fv721_fox,270000,48000,8
uk_vickers_mk_11,380000,135000,8.7
uk_rooikat_76,450000,81000,8.7
uk_badger,450000,160000,9
uk_vfm_5,520000,190000,9.3
uk_rooikat_mttd,620000,110000,9.3
uk_ajax,710000,260000,10.3
uk_a_13_mk1_3rd_rtr,0,,1.0
uk_a1e1_independent,0,,1.3
uk_crusader_mk_2_the_saint,0,,2.7
uk_armored_car_aec_mk_2,0,,3.3
uk_a27m_cromwell_5_rp3,0,,3.3
uk_m4a5_ram_2,0,,3.7
uk_17_pdr_m10_achilles_norfolk_yeomanry,0,,3.3
uk_sherman_vc_firefly_kit_3rank,0,,4.7
uk_a30_sp_avenger_kit_3rank,0,,4.7
uk_crusader_aa_mk_2_kit_3rank,0,,4
uk_sherman_ic_firefly,0,,4.7
uk_ac4_thunderbolt,0,,5.3
uk_ram_90mm_aa,0,,5.3
uk_centurion_mk_3_ss11,0,,7.7
uk_centurion_action_x,0,,7.7
uk_centurion_mk_5_avre_era,0,,7
uk_centurion_mk_5_raac,0,,7.7
uk_vijayanta,0,,8.3
uk_khalid,0,,9.3
uk_rooikat_105_td,0,,9.7
uk_challenger_1_mk_3_gulf,0,,10.7
uk_challenger_2_megatron,0,,11.7
uk_a_13_mk2_1939,0,,1.3
uk_alecto_mk_1,0,,1.7
uk_mk1_grant,0,,2.7
uk_matilda_hedgehog,0,,2.7
uk_churchill_avre,0,,2.7
uk_ac1_sentinel,0,,3
uk_a_33_excelsior,0,,4
uk_a_22f_mk_7_churchill_crocodile,0,,4.7
uk_a_34_comet_iron_duke,0,,5.3
uk_tog_2,0,,5.3
uk_a_43_black_prince,0,,6
uk_centurion_mk_2,0,,6.7
uk_centurion_shot_kal_d,0,,9
uk_shir_2,0,,10
uk_t_90s_bheeshma,0,,10.7
uk_boxer_crv_block2,0,,10.7
scout_ah_mk1,390000,,8.3
wasp_has_mk1,490000,150000,9
wessex_mk5,980000,360000,9
lynx_ah_mk1,1000000,380000,10.7
ah_mk1,1020000,400000,12
ah_64e_britain,1030000,400000,13
super_hind_mk3,0,,10.3
g_lynx,0,,10.7
ah_2_rooivalk,0,,11.7
fury_mk1,0,,1.0
fury_mk2,0,,1.0
hurricanemkii,10000,7900,2.3
hurricane_mk1,16000,4600,2.3
typhoon_mk1a,16000,9200,3
typhoon_mk1b_late,47000,18000,4.3
tempest_mkv,155000,46000,5.7
tempest_mk2,185000,54000,6
vampire_fb5,270000,95000,8
venom_fb4,340000,120000,8.7
hunter_f1,450000,160000,8.7
hunter_f6,620000,220000,9.7
f-4m_fgr2,950000,350000,12
saab_jas39c_south_africa,1080000,400000,13.7
ef_2000_fgr4,1100000,410000,14.3
ef_2000_typhoon_aesa,1120000,420000,14.3
gladiator_mk2_france,0,,1.3
gladiator_mk2_silver,0,,1.3
gladiator_mk2,700,2900,1.3
spitfire_mk1,10000,7900,3
spitfiremkiia,16000,4600,3
spitfiremkii,16000,9200,3.7
spitfire_mk5b,22000,11000,3.7
spitfire_mk5b_notrop,32000,6900,4
spitfire_ix_early,47000,18000,4.3
spitfire_xvi,76000,13000,5
spitfire_mk5c,76000,26000,4.7
spitfire_mk5c_notrop,105000,17000,5
spitfire_mk14e,155000,46000,5.7
spitfire_mk18e,185000,27000,5.7
spitfire_ix,200000,31000,5.7
spitfire_f22,185000,54000,6.7
spitfire_f24,210000,35000,6.7
meteor_fmk3,270000,95000,7.3
meteor_fmk3_navy,300000,53000,7.3
meteor_fmk4_lw,300000,105000,7.7
meteor_fmk4_sw,340000,61000,8
meteor_fmk8,340000,61000,8
javelin_fmk9,380000,135000,8.3
lightning_f6,450000,160000,9.3
tornado_f3,1080000,400000,12
tornado_f3_late,1100000,410000,13
nimrod_mk1,0,,1.0
nimrod_mk2,700,2900,1.0
gladiator_mk2_navy,2100,4000,1.0
hurricane_mk1b,10000,7900,2
hurricane_mk1c,16000,9200,3
firebrand_tf4,22000,11000,3.7
firefly_mk1,47000,18000,3.3
firefly_mk5,76000,13000,3.7
seafire_mk3,76000,26000,5
seafire_mk17,155000,46000,5.3
seafire_fr47,185000,27000,5.7
sea_fury_fb11,185000,54000,5.7
attaker_fb1,270000,95000,7
sea_hawk_fga6,300000,105000,8
sea_venom_faw20,340000,61000,7.7
scimitar_f1,450000,160000,8.7
harrier_frs1_early,710000,260000,10.7
f-4k,950000,350000,12
fa_18a_raaf,1080000,400000,12.3
sea_harrier_fa2,1100000,410000,13
fa_18a_hug_2_raaf,1120000,420000,14
v_156_b1,700,2900,1.0
blenheim_mkiv,2100,4000,1.3
beaufort_mkviii,6300,3000,1.7
hurricane_mk4,10000,7900,2
beaufighter_mk6c,16000,9200,3
beaufighter_mkx,22000,5600,3
beaufighter_mk21,32000,6900,3.7
tempest_mkv_vikkers,22000,11000,3.7
mosquito_fb_mk6,76000,26000,3.7
mosquito_fb_mk18,105000,17000,3
mosquito_nf_mk2,105000,17000,3.7
mosquito_tr_mk33,105000,17000,3.7
brigand_b1,105000,33000,4
whirlwind_mk1,135000,20000,3.7
hornet_mk3,155000,46000,6
swift_f1,300000,105000,8.3
swift_f7,340000,120000,8.7
jaguar_gr1,520000,190000,9.7
harrier_gr3,620000,220000,9.7
jaguar_gr1a,830000,300000,10.7
hawk_200,950000,350000,10.7
hawk_200_rda,950000,175000,11.3
harrier_gr7,1080000,400000,12.3
hp_12,0,,1.0
swordfish_mk1,700,2900,1.0
hp52_hampden_mk1_late,2100,4000,1.7
hp52_hampden_tbmk1,6300,3000,1.7
sunderland_mk3a,10000,7900,1.7
sunderland_mk5,16000,4600,2
wellington_mk1c,16000,9200,2.3
wellington_mk1c_late,22000,5600,2.7
wellington_mk3,22000,11000,3
wellington_mk10,32000,6900,3.3
halifax_mk3,47000,18000,4
stirling_mk1,76000,26000,4
stirling_mk3,135000,20000,4.7
lancaster_mk1,155000,46000,5
lancaster_mk3,185000,27000,5
lincoln_b2,185000,54000,6
shackleton_mr_mk_2,200000,31000,6
canberra_bmk2,300000,105000,8.3
canberra_bimk6,340000,61000,8.3
buccaneer_s2,520000,190000,9.3
buccaneer_s2b,830000,300000,10.7
f_111c_raaf,950000,350000,11.7
tornado_gr1,1100000,410000,11.7
tornado_gr4,1120000,420000,12.3
gladiator_mk2_tuck,0,,1.0
wirraway,0,,1.3
osprey_mk4,0,,1.0
walrus_mk1,0,,1.0
fairey_3f_mk3b,0,,1.0
avenger_mk1,0,,1.7
hudson_mk_v,0,,2
b_48_firecrest,0,,2.3
corsair_fmk2,0,,2.7
spitfiremkiia_ep,0,,3
d_520,0,,3
d_521,0,,3
hellcat_fmk1,0,,3.3
thunderbolt_mk1,0,,3.7
p-51b,0,,3.7
typhoon_mk1b,0,,4.3
mb_5,0,,5
hornet_mk1,0,,6
spitfire_ix_plagis,0,,5.7
strikemaster_mk88,0,,6.3
meteor_fmk8_reaper,0,,8
dh_110_sea_vixen,0,,9
lightning_f53,0,,9.3
harrier_gr1,0,,9.7
harrier_frs1,0,,11
f-4jk,0,,12
mig-21_bison,0,,12.3
cf_188a_canada,0,,12.7
spad_13,0,,1.0
swordfish_mk2,0,,1.0
pby-5a_raf,0,,1.7
intruder_mk_1,0,,2
beaufighter_mk1_40mm,0,,2.3
boston_mk_1,0,,2.3
db_7,0,,2.3
hurricane_mk1_late_ep,0,,2.3
f4f-4_martlet_mk4,0,,2.7
boomerang_mki,0,,3
boomerang_mkii,0,,3
mosquito_b_mk16,0,,3.7
whirlwind_p9,0,,3.7
spitfire_mk9c_4cannons,0,,4.7
wyvern_s4,0,,4.7
spitfire_mk14c,0,,5.7
spitfire_fr_mk14e,0,,5.7
attaker_fb2,0,,7
marut_mk1,0,,9
buccaneer_s1,0,,8.7
hunter_f9_rhodesia,0,,9.3
jaguar_is,0,,11.3
harrier_t10,0,,11.3
uk_destroyer_v_class_vega,0,,3.7
uk_destroyer_hunt_2series,5000,5300,4.3
uk_destroyer_tribal,16000,9000,4.7
uk_destroyer_n_class,31000,13000,4.7
uk_destroyer_battle_2series,38000,15000,4.7
uk_destroyer_battle_tobruk,55000,9200,4.7
uk_cruiser_arethusa,70000,21000,5.3
uk_cruiser_leander,115000,33000,5.3
uk_cruiser_fiji_class_fiji,185000,59000,5.7
uk_cruiser_southampton,230000,73000,6
uk_battleship_dreadnought,340000,110000,6
uk_battleship_orion,540000,180000,6.7
uk_battleship_marlborough,780000,260000,7
uk_battleship_q_elizabet_class_warspite,900000,300000,7.7
uk_battleship_vanguard,1150000,400000,8
uk_destroyer_g_grafton,700,2900,3.7
uk_destroyer_st_class_saumarez,2100,4000,4.3
uk_destroyer_hunt_4series,8700,7000,4.3
uk_destroyer_k_class,22000,11000,4.7
uk_destroyer_daring_class_diana,55000,18000,5
uk_destroyer_daring_class_daring,70000,11000,5
uk_cruiser_dido,150000,46000,5.3
uk_cruiser_york,185000,59000,5.3
uk_battleship_colossus,440000,145000,6.3
uk_battleship_centurion,540000,180000,6.7
uk_battleship_rodney,900000,300000,7.7
uk_battleship_prince_of_wales,1050000,350000,7.7
uk_destroyer_clemson_churchill,0,,3.3
uk_minelayer_abdiel_class_abdiel,22000,11000,4.7
uk_cruiser_enterprise_d52,70000,21000,5
uk_cruiser_hawkins,87000,25000,5.3
uk_cruiser_kent,115000,33000,5.7
uk_cruiser_norfolk,150000,23000,5.7
uk_cruiser_london,185000,30000,5.7
uk_battlecruiser_invincible,230000,73000,5.7
uk_battlecruiser_glorious,280000,90000,5.7
uk_battlecruiser_queen_mary,440000,145000,6.3
uk_battlecruiser_repulse,660000,220000,7
uk_battlecruiser_hood,1050000,350000,7.7
uk_destroyer_v_class_verdun,0,,3.7
uk_destroyer_v_class_valhalla,0,,3.3
uk_destroyer_j_class,0,,4.7
uk_destroyer_tribal_mohawk,0,,4.7
uk_destroyer_haida,0,,4.7
uk_destroyer_daring_class_diamond,0,,5
uk_cruiser_liverpool,0,,5.7
uk_cruiser_belfast,0,,6
uk_battleship_iron_duke,0,,7
uk_battlecruiser_renown,0,,7
uk_battleship_q_elizabet_class_barham,0,,7.3
uk_battleship_nelson,0,,7.7
uk_destroyer_clemson_montgomery_g95,0,,3.3
uk_destroyer_g_garland,0,,3.7
uk_destroyer_battle_cadiz,0,,4.7
uk_cruiser_tiger,0,,6
uk_mtb_1series,0,,1.0
uk_mtb35_vosper,0,,1.0
uk_fairmile_a_ml100,700,2900,1.0
uk_70ft_mgb,6300,5900,1.7
uk_fairmile_b_ml345,16000,9200,2
uk_dark_class,32000,14000,2
uk_71ft_mtb460,47000,18000,2.3
uk_dark_class_mtb,76000,26000,2.3
uk_fairmile_d_617_632,115000,36000,2.3
uk_fairmile_d_697_800,250000,75000,2.7
uk_sgb_304,360000,120000,3
uk_brave_borderer,640000,220000,3.3
uk_destroyer_restigouche_class_terranova,780000,280000,4
uk_frigate_leopard,860000,320000,4
uk_mtb_vosper_1series,700,2900,1.0
uk_mtb_vosper_2series,2100,4000,1.7
uk_hdml_ml1383,6300,5900,1.7
uk_isles_class_trawler,10000,7900,2.3
uk_flower_class,22000,11000,2.3
uk_fairmile_c,76000,26000,2.3
uk_fairmile_lcs_l_h_mk2,115000,36000,2.3
uk_fairmile_d_601_616,180000,48000,2.3
uk_attack_class_arrow,250000,75000,2.7
uk_fremantle_class,300000,89000,3
uk_fairmile_c_332,360000,120000,3
uk_frigate_whitby_blackpool,700000,250000,3.7
uk_corvette_peacock,780000,280000,4.3
uk_mtb_2series,0,,1.0
uk_71ft_mgb,0,,2.3
uk_gay_class_archer,0,,2.3
uk_fairmile_d_5001_5029,0,,2.7
uk_sgb_309,0,,3
uk_corvette_orla,0,,4.3
uk_frigate_whitby,0,,3.7
uk_higgins_78ft_mtb422,0,,2.3
uk_dark_class_mtb_td,0,,2.3
uk_frigate_river,0,,3.3
jp_type_95_ha_go,0,,1.0
jp_type_98_ke_ni,0,,1.0
jp_type_2_ka_mi,700,2900,1.0
jp_m24_chaffee,47000,18000,3.7
jp_m4a3e8_76w_sherman,155000,46000,5.7
jp_m41_walker_bulldog,185000,54000,6.3
jp_type_60_sprg,200000,63000,6.7
jp_type_60_atm,210000,35000,6.7
jp_type_87_rcv_prot,300000,105000,7.7
jp_type_87_rcv,450000,160000,9
jp_type_89,520000,94000,9
jp_icv_ifv_prototype,710000,260000,9.7
jp_type_10_prototype,830000,300000,12
jp_type_89b_i_go_otsu,0,,1.0
jp_type_97_chi_ha,700,2900,1.3
jp_type_2_ho_i,6300,5900,2
jp_type_97_kai,10000,7900,2.3
jp_type_1_chi_he,16000,9200,2.7
jp_type_3_chi_nu,47000,18000,3.3
jp_type_4_chi_to,105000,33000,4.7
jp_type_4_chi_to_late,135000,20000,4.7
jp_type_5_chi_ri,155000,46000,5.7
jp_st_a1,185000,54000,6.3
jp_st_a2,200000,31000,6.3
jp_type_61,200000,63000,6.7
jp_st_a3,210000,35000,6.7
jp_m47_patton_ii,270000,95000,7.3
jp_st_b1,300000,105000,8.3
jp_type_74_c,340000,61000,8.3
jp_type_74,520000,190000,9
jp_type_74_f,620000,110000,9
jp_type_90,830000,300000,11.7
jp_type_90b,950000,175000,11.7
jp_type_10,1080000,400000,12.7
jp_tkx_prot,1100000,200000,12.7
jp_type_4_ho_ro,700,2900,1.3
jp_hiro_sha,2100,4000,1.7
jp_type_3_ho_ni_i,10000,7900,2
jp_type_3_ho_ni_iii,16000,4600,2.3
jp_navy_120mm_spg,16000,9200,3
jp_type_5_na_to,47000,18000,3.3
jp_m44,76000,26000,4
jp_m36b2_jgsdf,155000,46000,5.7
jp_type_75,200000,63000,6.3
jp_type_99,240000,82000,7.3
jp_type_5_ho_ri_production,270000,95000,7.3
jp_type_16_mcv_prot,520000,190000,9.3
jp_type_16,710000,260000,9.7
jp_type_94,700,2900,1.3
jp_type_98_ta_se,2100,4000,1.7
jp_halftrack_m16,16000,9200,2.7
jp_type_95_so_ki,32000,14000,3
jp_m19,47000,18000,4
jp_m42_duster,76000,26000,4
jp_sub_i_ii_20mm,155000,46000,5.3
jp_m163_vulcan,270000,95000,7.3
jp_type_87,380000,135000,8.3
jp_type_93,710000,260000,9.3
jp_type_81_tansam,830000,300000,11.7
jp_type_81_tansam_fcs,1080000,400000,12
jp_type_03_chusam_fcs,1100000,410000,12.7
jp_m60a3_tts,520000,190000,9
jp_stingray,620000,220000,9.3
jp_oplot_t,1080000,400000,12.3
jp_type_95_ha_go_commander,0,,1.0
jp_type_95_heavy,0,,1.3
jp_type_97_chi_ha_12cm,0,,1.7
jp_type_1_chi_he_5th_regiment,0,,2.7
jp_type_3_chi_nu_75cm_type_5,0,,4.3
jp_pzkpfw_vi_ausf_e_tiger,0,,6
jp_type_61_mod,0,,6.7
jp_type_5_ho_ri_prototype,0,,6.7
jp_type_75_mlrs,0,,7
jp_type_74_red_star,0,,8.3
jp_type_74_mod_g_kai,0,,9.3
jp_type_16_mod,0,,9.3
jp_icv_prototype,0,,9.7
jp_type_90b_camo,0,,11.7
jp_type_3_ka_chi,0,,2
jp_type_97_kai_td,0,,2.3
uh_1b_japan,390000,,7.7
ah_1s_early,980000,360000,9.3
ah_1s_late,1000000,380000,9.7
ah_64d_japan,1020000,400000,11.7
ah_64e_indonesia,1030000,400000,13
mi_35p_indonesia,990000,370000,9.7
ah_1s,0,,9.7
f1m2,700,2900,1.0
a5m4,2100,4000,1.3
a6m2_n_zero,10000,7900,2.3
n1k1_kyuofu,16000,4600,2.3
a6m2_mod11,16000,9200,3.7
a6m2_zero,22000,5600,3.7
a6m3_zero,47000,18000,4
a6m3_mod22_zero,76000,13000,4.3
a6m3_mod22ko_zero,105000,17000,5
a6m5_zero,76000,26000,5
a6m5otsu,155000,46000,5.3
a6m5hei,185000,27000,5
a7m2,185000,54000,5.3
n1k1_ja,200000,63000,5.3
n1k2_j,210000,35000,6
n1k2_jko,210000,35000,6
kitsuka,240000,82000,7
f-86f-30_japan,300000,105000,8.3
f-86f-40_japan,340000,61000,9
f-104j,520000,190000,10.3
f-4ej,830000,300000,11
f-4ej_kai,1080000,400000,12.3
f_15j,1100000,410000,13
f_15j_kai,1120000,420000,13.7
ki_10_1,0,,1.0
ki_10_2,0,,1.0
ki_10_1_commander,0,,1.0
ki_10_2_commander,0,,1.0
ki-27_otsu,700,2900,2
ki_43_1,2100,4000,2.7
ki_43_2,6300,3000,2.7
ki_44_1,10000,7900,2.7
ki_61_1a_ko,16000,4600,3.3
ki_44_2_hei,16000,9200,3.7
ki_61_1a_otsu,22000,5600,3.7
ki_43_3_otsu,47000,18000,4
ki_61_1a_tei,76000,26000,4.3
ki_61_2_early,105000,17000,4.7
ki_100_early,105000,33000,4
ki_61_1a_hei,155000,46000,4.7
ki_84_ko,185000,54000,5.3
ki_84_otsu,200000,31000,5.7
ki_84_hei,200000,63000,6.3
j8m1,300000,105000,8.3
t2,450000,160000,9.7
f1,620000,220000,10
a_7e_thailand,710000,260000,10.7
av_8s_late_thailand,830000,300000,11
f_16aj,1080000,400000,12.7
f_2a,1100000,410000,13.7
ki-45_tei,700,2900,1.7
ki-45_otsu,2100,2000,2.3
ki-45_ko,2100,4000,2.7
ki-45_hei,6300,3000,2.3
ki_109,6300,5900,2
j1n1_mod11_early,10000,7900,2
ki_102_otsu,16000,9200,3.3
ki_108,47000,18000,3.7
j2m2,76000,26000,5
j5n1,105000,33000,5.7
j7w1,155000,46000,6
j2m3,185000,54000,5.7
j2m5,200000,31000,5.7
ki-83,200000,63000,6
f-84g_thailand,270000,95000,7.7
alpha_jet_a_thailand,450000,160000,8.7
alpha_jet_th_phase_1,520000,190000,10.7
f-5a_thailand,830000,300000,10.7
f-5t_thailand,950000,350000,11.3
f-5th_thailand,1080000,400000,13
f_16a_block_15_ocu_thailand,1100000,410000,13.7
saab_jas39c_thailand,1120000,420000,13.7
b5n2,700,2900,1.3
d3a1,2100,4000,1.3
b6n1,6300,5900,1.7
b6n2,10000,7900,2.3
b6n2a,16000,4600,2.3
d4y1,16000,9200,2
d4y2,22000,5600,2.3
d4y3,22000,11000,3
p1y1_mod11,47000,18000,3.3
b7a2,76000,26000,3.7
r2y2_v1,0,,8
r2y2_v2,0,,8
r2y2_kai,0,,8
ki_32,700,2900,1.3
ki_21_1ko,2100,4000,1.7
h6k4,6300,5900,1.7
g4m1,10000,7900,2.7
h8k2,16000,9200,3.7
ki-49_1,22000,11000,3
ki-49_2a,32000,6900,3
ki-49_2b,47000,18000,3.7
ki-49_2b_late,76000,13000,3.7
g5n1,76000,26000,4.3
ki_67_1_ko,105000,33000,4.3
ki_67_1_otsu,135000,20000,4.7
g8n1,155000,46000,6.3
mig_29n,1080000,400000,13.3
fa_18d_late_malaysia,1100000,410000,14
su_30mkm,1120000,420000,14.3
a5m4_hagiri,0,,1.3
ki-27_otsu_ep,0,,2
a7he1,0,,2
ki_44_1_ep,0,,2.7
ki_44_2_otsu,0,,3
h8k3,0,,4
ki-96,0,,3.7
ki_100_2,0,,3.7
sb2c_5_thailand,0,,3.7
b-17e_japan,0,,4.7
a7m1,0,,5
a6m5ko,0,,5.3
ki_61_1a_hei_ep,0,,4.7
j2m4_kai,0,,5
j2m5_30mm,0,,5
f-86f-40_japan_blue_impulse,0,,9
t2_early,0,,9.7
av_8s_thailand,0,,9.7
f-5e_fcu_thailand,0,,11.3
hawk_209_indonesia,0,,10.3
f_2a_adtw,0,,13
e7k2,0,,1.3
e8n2,0,,1.3
aichi_e13a,0,,1.3
ki_48_2_otsu,0,,2.3
ki_21_1hei,0,,2
bf-109e-3_japan,0,,3
f4u-1a_japan,0,,3
p-51c-11-nt_japan,0,,3.7
b7a2_homare_23,0,,3.7
a6m6c,0,,5
fw-190a-5_japan,0,,4.3
ki_94_2,0,,6
ki_87,0,,5.7
j6k1,0,,6.7
f-4ej_adtw,0,,11
jp_destroyer_momi,0,,3.3
jp_destroyer_matsu,2100,4000,3.7
jp_minelayer_tsugaru,8700,7000,4
jp_destroyer_harukaze,16000,9000,4
jp_destroyer_murasame,22000,11000,4.3
jp_destroyer_akizuki,38000,15000,5
jp_cruiser_kako,87000,25000,5
jp_cruiser_furutaka,150000,46000,5.7
jp_cruiser_aoba,185000,30000,5.7
jp_cruiser_haguro,230000,73000,6
jp_cruiser_tone,280000,90000,6
jp_battleship_fuso,900000,300000,7.7
jp_battleship_yamato,1150000,400000,8.7
jp_destroyer_mutsuki,700,2900,3.3
jp_destroyer_hatsuharu,16000,9000,4.3
jp_destroyer_fubuki,22000,11000,4.3
jp_destroyer_yugumo,31000,13000,4.7
jp_cruiser_isuzu,55000,18000,4.7
jp_cruiser_kuma,70000,21000,5
jp_cruiser_sendai,87000,25000,5
jp_cruiser_agano,115000,33000,5.3
jp_cruiser_oyodo,185000,59000,5.3
jp_cruiser_mogami_suzuya,340000,110000,6
jp_cruiser_mogami,440000,145000,6
jp_battleship_hyuga,540000,180000,7
jp_battleship_ise,780000,260000,7.7
jp_battlecruiser_amagi,1050000,350000,8
jp_battleship_musashi,1150000,400000,8.7
jp_armoredcruiser_ikoma,185000,59000,5.7
jp_battleship_settsu,440000,145000,6.3
jp_battlecruiser_hiei,540000,180000,6.7
jp_battlecruiser_kongo,660000,220000,7.3
jp_battleship_mutsu,900000,300000,8
jp_destroyer_satsuki,0,,3.3
jp_destroyer_nenohi,0,,4.3
jp_destroyer_yugure,0,,4.7
jp_destroyer_yukikaze,0,,4
jp_destroyer_kiyoshimo,0,,4.7
jp_cruiser_yubari,0,,4.7
jp_destroyer_shimakaze,0,,5
jp_cruiser_myoko,0,,6
jp_cruiser_mogami_mikuma,0,,6
jp_battleship_yamashiro,0,,7
jp_battlecruiser_kirishima,0,,7.3
jp_battleship_nagato,0,,8.3
jp_destroyer_hayanami,0,,4.7
jp_destroyer_hatsuzuki,0,,5
jp_destroyer_yuudachi,0,,4.3
jp_armoredcruiser_kurama,0,,5.7
jp_battlecruiser_haruna,0,,7.3
jp_battleship_tosa,0,,8
jp_t14_class,0,,1.0
jp_t14_class_mod02,0,,1.0
jp_type5_escortboat,6300,5900,1.7
jp_karotei_type2,16000,9200,1.7
jp_sehatei_mod1,32000,14000,1.7
jp_kusen_tei_13_1944,47000,18000,2.3
jp_t51b,115000,36000,2.3
jp_pc301_kari_class,180000,48000,3
jp_type_11_pt_15,250000,75000,3.3
jp_escort_ikazuchi_class,360000,120000,3.3
jp_escort_hiburi_class_syonan,640000,220000,3.3
jp_yuri_class_asagao,700000,250000,3.7
jp_destroyer_chidori,780000,280000,3.7
jp_type_t1_1941,700,2900,1.0
jp_abtei_pr1,2100,4000,1.0
jp_abtei_pr4,10000,7900,1.3
jp_type38_1944,22000,11000,1.7
jp_type1_pt2,32000,14000,2
jp_no1_ch2,76000,26000,3
jp_no4_ch8,115000,36000,3
jp_type7_pt808,230000,61000,3.3
jp_escort_chikugo_class,360000,120000,3.3
jp_destroyer_isuzu,780000,280000,3.7
jp_destroyer_ayanami,860000,320000,4.3
jp_t14_class_mod01,0,,1.0
jp_kusen_tei_13_1942,0,,2
jp_karotei_type4,0,,1.7
jp_t51a,0,,2.3
jp_escort_akebono_class,0,,3.3
jp_pg02,0,,3.3
jp_escort_hiburi_class_shisaka,0,,3.3
cn_m8_greyhound,0,,1.0
cn_m3a3_stuart,16000,9200,2.7
cn_m5a1_stuart,22000,5600,2.7
cn_m24_chaffee,32000,14000,3.7
cn_object_211,105000,33000,5
cn_pt_76,0,,5
cn_m18_hellcat,185000,54000,6
cn_type_63_i,200000,63000,6.3
cn_type_62,210000,35000,6.7
cn_zts_63_1980,270000,95000,7.7
cn_type_86,300000,53000,8
cn_m_41d,380000,135000,8
cn_m60a3_tts,520000,190000,9
cn_cm11,620000,220000,9.3
cn_mbt2000,830000,300000,11.7
cn_vt_4,950000,350000,12.3
cn_wz_1001,1080000,400000,12.3
cn_vt_4b,1100000,410000,12.7
cn_m1a2t,1120000,420000,12.7
cn_t_26_1940,0,,1.0
cn_type_97_chi_ha,700,2900,1.3
cn_type_97_kai,10000,7900,2.3
cn_m4a4_sherman,32000,14000,3.7
cn_t_34_1942,47000,18000,4
cn_m4a1_76w_sherman,76000,13000,4
cn_t_34_85_d_5t,105000,33000,5.7
cn_type_58,135000,20000,5.7
cn_is_2_1943,200000,63000,6.3
cn_is_2_1944,210000,35000,6.7
cn_m48a1_patton_iii,270000,95000,7.7
cn_type_59,300000,105000,8
cn_type_69,340000,61000,8
cn_type_59d,380000,135000,8.3
cn_ztz_88b,450000,160000,9
cn_ztz_88a,520000,94000,9
cn_ztz_96,620000,220000,9.3
cn_ztz_96a,710000,260000,10.3
cn_ztz_99,830000,300000,11
cn_ztz_99_w,950000,175000,11
cn_ztz_99a,1080000,400000,12.3
cn_sdkfz_222_early,700,2900,1.3
cn_gmc_cckw_353_m45_quad,10000,7900,2.3
cn_m42_duster,47000,18000,4
cn_type_65_aa,135000,40000,5
cn_zsd63_pg87,155000,46000,5.7
cn_zsl_92,240000,82000,6.3
cn_wz_305,300000,105000,8
cn_pgz_09,450000,160000,9
cn_pgz_04a,520000,190000,9.3
cn_antelope_tc_1l_ads,830000,300000,10.3
cn_tor_m1,1080000,400000,11.3
cn_hq_17,1100000,200000,11.7
cn_pgz_625_fb10,1100000,410000,12
cn_hq_11,1120000,420000,12.7
cn_m8_scott,700,2900,1.3
cn_su_76m_1943,6300,5900,2
cn_lvt_4_zis_2,10000,7900,2.3
cn_m10,22000,11000,3.3
cn_m55,47000,18000,4
cn_isu_152,76000,26000,4.7
cn_m36,105000,33000,5.3
cn_isu_122,135000,20000,5.3
cn_su_100_1945,200000,63000,6
cn_plz_83,210000,71000,6.3
cn_plz_05,270000,95000,7.7
cn_m113a1_tow,340000,120000,8.3
cn_cm_25,450000,160000,8.7
cn_ptz_89,520000,94000,9
cn_ptl_02,520000,190000,9
cn_hj_9,620000,110000,9
cn_cm_34,620000,220000,9.3
cn_ztl_11,710000,260000,9.7
cn_zbd_04a,830000,300000,10
cn_t_26_no531,0,,1.0
cn_m3a3_stuart_1st_ptg,0,,2.7
cn_m4a4_sherman_1st_ptg,0,,3.7
cn_m41_a3_walker_bulldog,0,,5.7
cn_type_64,0,,6
cn_t_34_85_zis_53_no215,0,,5.7
cn_is_2_1943_no402,0,,6.3
cn_ztz_59a,0,,8
cn_type_69_2a,0,,8.3
cn_object_122tm,0,,8.7
cn_wma_301,0,,9
cn_type_69_2g,0,,9
cn_ztz_96a_prot,0,,10.3
cn_qn506,0,,10
cn_vt_5,0,,11.7
cn_oplot_t,0,,12.3
cn_bt_5,0,,1.0
cn_type_95_ha_go,0,,1.0
cn_wz_141,0,,6.7
cn_plz_83_130,0,,7.3
cn_t_62,0,,8.7
cn_t_80ud_478be,0,,10.7
cn_al_khalid_1,0,,11.7
z_11wa,390000,,8.7
z_9w,980000,360000,10.3
z_9wa,1000000,380000,11
z_19,1010000,390000,11.3
z_10,1020000,400000,11.7
z_10me,1030000,400000,13
sa_342l_china,490000,150000,8.7
oh_58d_china,1000000,380000,10.3
ah_1w_china,1010000,390000,11
ah_64e_china,1030000,400000,13
mi_35m_pakistan,0,,10.7
z_19e,0,,11.3
z_10a,0,,11.7
gladiator_mk1_china,0,,1.0
ki-27_otsu_china,700,2900,2
ki_43_3_ko,2100,2000,3
cw_21,2100,4000,2.7
p-66,10000,7900,2.3
p-40e_china,16000,9200,2.7
p-43a-1_china,22000,5600,2.7
p-47d_23_ra_china_rocaf,47000,18000,3.7
p-47d_30_china,76000,13000,5
p-51d-20_china,76000,26000,4
p-51k,105000,17000,5
f-86f-30_china,300000,105000,8.3
f-86f-40_china,340000,61000,9
f-100a_china,520000,190000,9.3
f-104a_china,620000,220000,9.3
f-104g_china,710000,260000,10.7
f-5a_china,830000,300000,10.7
f-5e_aidc,950000,175000,11
f_16a_block_20_mlu,1080000,400000,13.3
j_10a,1100000,410000,13.7
mirage_2000_5ei,1120000,420000,14
j_10c,1120000,420000,14.3
i-15bis_china,0,,1.0
i-16_chung_28,700,2900,1.3
i-16_type5_1935_china,2100,2000,1.3
i-153_m62_china,2100,4000,2.3
i-16_type10_china,10000,7900,2
i-16_type17_china,16000,9200,3.3
ki_44_2_hei_china,47000,18000,3.7
ki_61_1a_otsu_china,76000,26000,3.7
la-11_china,155000,46000,5.3
la-9_china,185000,54000,6
mig-9_china,240000,82000,7.3
mig-9_late_china,270000,48000,7.3
mig-15bis_nr23_china,300000,105000,8.3
mig-17_china,340000,61000,8.7
mig-19j_6a,520000,190000,9.3
j_7_mk2,620000,110000,9.3
j_7e,830000,300000,11.3
j_8b,950000,350000,11.3
j_8f,1080000,400000,13
j_11,1100000,410000,13
j_11a,1120000,210000,13.3
j_11b,1120000,420000,13.7
hs-123a-1_china,700,2900,1.0
v_11g,2100,4000,1.3
v_12d,6300,5900,2.3
a_29_hudson,10000,7900,2
mosquito_fb_mk26_china,47000,18000,3.7
p-38l_1_china_rocaf,76000,26000,4.7
il-10_1946_china,155000,46000,5
f-84g_china,270000,95000,7.7
q_5_early,380000,135000,9.3
q_5a,450000,160000,10
q_5l,710000,260000,10
jh_7,830000,300000,11.3
jh_7a,1080000,400000,12.3
martin_139wc,700,2900,1.3
db_3a_china,10000,7900,2.7
sb_2m_103u_china,16000,4600,2.3
p1y1_mod11_china,16000,9200,3.3
b_25j_30_china,47000,18000,3.7
pb4y-2_china,155000,46000,4.7
tu-2_postwar_china,185000,54000,5.3
tu_4_china,270000,95000,8
il_28_china,300000,105000,8
hawk_iii,0,,1.0
d_510c,0,,1.3
h-75m_china,0,,2
p-40c_china,0,,2.3
ki-45_hei_tei_china,0,,2.3
a6m2_zero_china,0,,3.7
f_47n_25_re_china,0,,4.7
quing_6,0,,5
ki_84_ko_china,0,,5.3
f-84g-31-re_china,0,,7.7
mig-17_f5,0,,9.3
a_5c,0,,10.7
j_7d,0,,10.7
jh_7a_prototype,0,,12.3
jf_17,0,,13.3
p-51c-11-nt_china,0,,3.7
a6m5_zero_china,0,,5
pe-2-359_china,0,,4.7
f_100f_china,0,,9.3
su_30mkk,0,,13.3
it_ab_41,0,,1.0
it_m11_39,700,2900,1.0
it_as_42_47,2100,4000,2
it_ab_43,10000,7900,2.7
it_m3a3_stuart,16000,9200,2.7
it_m24_chaffee,47000,18000,3.7
it_m44,76000,26000,4
it_semovente_breda_501,135000,40000,5
it_m18_hellcat,185000,54000,6
it_fiat_6616_cockerill,210000,71000,6.7
it_fiat_6614_106sr,210000,35000,6.7
it_c13_t90,240000,82000,7
it_oto_r3_106sr,340000,120000,8
it_vcc_80_hitfist_60,450000,160000,9.3
it_b1_centauro,520000,190000,9.3
it_b1_centauro_romor,620000,110000,9.7
it_centauro_mgs_120,950000,350000,11.7
it_l6,0,,1.0
it_m13_40_serie_1,700,2900,1.7
it_m13_40_serie_3,2100,2000,2
it_m14_41,6300,5900,2
it_m15_42,10000,7900,2.7
it_pzkpfw_iii_ausf_n,16000,4600,3
it_p_40,32000,14000,3.3
it_m4a4_sherman,47000,18000,3.7
it_sherman_vii,135000,40000,4.7
it_sherman_vc_firefly,155000,46000,5
it_m26a1_pershing,200000,63000,6.7
it_m47_105,300000,105000,7.7
it_of_40_mk_1,380000,135000,8
it_leopard_1a2,450000,81000,8
it_of_40_mk_2a,520000,190000,9
it_leopard_1a5,620000,220000,9.3
it_c1_ariete_preserie,710000,260000,10.7
it_c1_ariete_pso,950000,350000,11.7
it_c1_ariete,950000,175000,11.7
it_ariete_amv_pt1,1080000,400000,12.3
it_as_42_metropolitana,700,2900,1.3
it_fiat_cm52,10000,7900,2.3
it_m15_42_contraereo,47000,18000,3.7
it_leopard_bofors,155000,46000,6
it_oto_r3_t20_fa,185000,54000,6
it_zsu_57_2,240000,82000,7
it_zsu_23_4,380000,135000,8
it_otobreda_sidam_25,450000,160000,8.3
it_otobreda_sidam_25_mistral,620000,220000,9.7
it_9a33bm3,830000,300000,10.3
it_9a35_m,950000,175000,10.3
it_otomatic,950000,350000,11.3
it_samp_t_fcs,1100000,410000,12.7
it_l3_cc,700,2900,1.0
it_semovente_l40,2100,4000,1.3
it_lancia3ro_100,6300,5900,1.7
it_semovente_m41_75_18,10000,7900,2
it_semovente_m41_75_32,16000,4600,2.3
it_semovente_m42_75_34,22000,5600,2.3
it_semovente_m43_105,22000,11000,3
it_semovente_m43_75_34,32000,6900,3.3
it_m55,47000,18000,4
it_semovente_m41m_90,76000,26000,3.7
it_stug_iii_ausf_g,105000,17000,4
it_semovente_m43_75_46,135000,40000,4.7
it_m36b1,185000,54000,5.7
it_m109g,200000,63000,6
it_m113a1_tow,380000,135000,8.3
it_vbc_pt2,520000,190000,9.7
it_dardo_vcc,710000,260000,10
it_vcc_80_hitfist_30,830000,150000,10
it_freccia,830000,300000,10.7
it_39m_csaba,700,2900,1.0
it_40m_turan_1,10000,7900,2.3
it_40_43m_zrinyi_2,16000,9200,2.7
it_43m_turan_3,47000,18000,4
it_2s1,185000,54000,6
it_btr_80a_hungary,270000,95000,7.3
it_t_72m1,620000,220000,9.3
it_leopard_2a4,710000,260000,10.7
it_kf_41,830000,300000,11
it_leopard_2a7_hungary,1120000,420000,12.7
it_l6_leone,0,,1.0
it_m13_40_serie_2,0,,2
it_m14_41_47_40,0,,2.3
it_sahariano,0,,2.7
it_semovente_m43_105_leoncello,0,,3
it_sherman_75_37,0,,3.7
it_pzkpfw_iv_ausf_g,0,,3.7
it_pzkpfw_vi_ausf_e_tiger,0,,6
it_m26_ariete,0,,6.7
it_pzh_2000_hu,0,,7.7
it_m60a1_ariete,0,,8
it_of_40_mtca,0,,9.3
it_vrcc_centauro,0,,9.7
it_centauro_rgo_120,0,,11.7
it_c1_ariete_certezza,0,,11.7
it_toldi_ii_a,0,,1.3
it_41m_turan_2,0,,2.3
it_p_26_40,0,,3.3
it_44m_zrinyi_1,0,,4
it_breda_52_autocannone,0,,4
it_fiat_6614_firos,0,,7.7
it_aubl_74_60_70m,0,,8
it_c13_tua,0,,8.3
it_freccia_hitfist_ows,0,,10.7
ab_205a_1,390000,,7.7
mi_24d_hungary,490000,150000,8.7
a_109_eoa2,1000000,380000,8.7
mi_24v_hungary,1010000,390000,9.7
a_129_cbt,1020000,400000,11
a_129_d,1030000,400000,13
t_129_atak,0,,10.7
mi_24p_hungary,0,,9.7
a_129_a,0,,11
ro_44,700,2900,1.0
re_2000_int,2100,4000,2.3
re_2000_ga,6300,3000,2.3
re_2002_early,16000,9200,2.3
re_2001_serie1,22000,11000,3
re_2001_cb,32000,6900,3
re_2001_cn,47000,18000,3.3
g_55_serie1_ss0,76000,26000,4.3
g_55_serie1,155000,46000,5
re_2005_serie0,185000,27000,6
g_56,185000,54000,6.3
vampire_fb52a_italy,270000,95000,8
f-86_cl_13_mk4_italy,340000,120000,8.3
f-86k_late_italy,450000,160000,9
f-104g_italy,620000,220000,11
f-104s,830000,300000,11.3
f-104s_asa,950000,350000,12
f_16a_block_15_adf_italy,1080000,400000,13.3
ef_2000a,1100000,410000,14.3
ef_2000a_aesa,1120000,420000,14.3
cr_32,0,,1.0
cr_32_quater,0,,1.0
fiat_cr42_italy,700,2900,1.3
fiat_g50_seria2_italy,2100,4000,1.7
fiat_g50_seria7as_italy,6300,3000,1.7
mc200_serie3_italy,10000,7900,2.3
mc200_serie7_italy,16000,4600,2.3
mc-202_italy,16000,9200,3
mc-205_serie1,22000,5600,3.7
mc-202_ec,47000,18000,4
mc-205_n2,76000,26000,4.7
mc-205_serie3,155000,46000,4.7
bf-109g-14as,185000,54000,5.3
fiat_g91_ps,300000,105000,8.3
fiat_g91_r1,340000,61000,8.7
sagittario_2,450000,160000,9.3
fiat_g91_y,520000,190000,9
fiat_g91_ys,620000,110000,9.3
amx,830000,300000,10.7
tornado_adv,1080000,400000,12
ba_65_k14_l,700,2900,1.3
ju-87r-2_italy,2100,2000,1.3
breda_88,2100,4000,1.7
p_108a_serie2,6300,3000,2.3
fc_20_bis,6300,5900,2
ju-87d-3_italy,16000,9200,2
sm_91,22000,11000,3.7
sm_92,47000,18000,4
p-47d_30_italy,76000,26000,5
il-10_1946_hungary,200000,63000,5
mb_326k,240000,82000,7
f-84g_italy,270000,95000,7.7
f-84f_italy,380000,135000,8.3
tornado_ids_it,830000,300000,11.3
tornado_ids_it_mod95,1080000,400000,11.7
tornado_ids_it_ret8,1100000,200000,11.7
av_8b_plus_italy,1100000,410000,13
s_81_ar125,700,2900,1.3
br_20_dr,2100,4000,1.7
br_20m_m1,6300,3000,1.7
sm_79_1936_italy,6300,5900,1.7
sm_79_1939_italy,6300,3000,2
sm_79_1941_italy,16000,9200,2.3
sm_79_1943_italy,22000,5600,2.3
sm_79_iar_italy,32000,6900,2.3
z_1007_bis_serie3,22000,11000,2.7
z_1007_bis_serie5,32000,6900,3
p_108b_serie1,47000,18000,3.3
p_108b_serie2,76000,13000,3.7
tu-2_postwar_late_hungary,210000,71000,5.7
il_28_hungary,300000,105000,8
su_22m3_hungary,710000,260000,11
yak-9p_hungary,200000,63000,5
mig-15bis_nr23_hungary,340000,120000,8.3
mig-17pf_hungary,450000,160000,8.7
mig-21_mf_hungary,710000,260000,10.3
mig-21_bis_sau_hungary,830000,150000,11
mig_23mf_hungary,830000,300000,11
mig_29_9_12b_hungary,1080000,400000,12.7
saab_jas39c_hungary,1100000,410000,13.7
fiat_cr42_marcolin_italy,0,,1.3
cr_32_bis,0,,1.7
he_112b_1_italy,0,,2
re_2000_ga_ep,0,,2.3
re_2001_serie1_ep,0,,3
hs-129b-2_romania_italy,0,,2.3
spitfire_mk5b_italy,0,,3.7
bf-109g-2_hungary,0,,4.3
g_55s,0,,5
mb_326b,0,,6.7
fiat_g91_r4,0,,8.7
ariete,0,,9.3
iar_93b,0,,9
amx_a_1a_brazil,0,,11
f-104s_cb,0,,11.3
mig_29_9_12_sniper,0,,12.7
ro_43,0,,1.3
iar_81c,0,,2.7
ro_57_quadriarma,0,,2.7
mc-202_d,0,,3
bf_110g_4_hungary,0,,3.7
bf-109f-4_hungary,0,,4
re_2005_vdm,0,,6
it_destroyer_turbine,0,,3.3
it_destroyer_dardo,2100,4000,3.7
it_destroyer_leone_class,16000,9000,4
it_destroyer_soldati_serie1_camicianera,22000,11000,4.3
it_destroyer_navigatori_class_verazzano,38000,15000,4.3
it_cruiser_bartolomeocolleoni_1940,70000,21000,5
it_cruiser_cadorna_class_diaz,87000,25000,5
it_cruiser_montecuccoli,150000,46000,5.3
it_cruiser_eugenio_di_savoia,185000,59000,5.7
it_cruiser_garibaldi_class_abruzzi,280000,90000,5.7
it_battleship_dante_alighieri,440000,145000,6.3
it_battleship_francesco_caracciolo,540000,180000,6.7
it_battleship_conte_di_cavour,900000,300000,7.3
it_battleship_littorio_class_roma,1150000,400000,8.3
it_destroyer_vifor_class_aquila,700,2900,3.3
it_destroyer_maestrale_class_grecale,5000,5300,3.7
it_destroyer_comandanti_medaglie_doro,8700,7000,4
it_destroyer_impetuoso_class_impetuoso,31000,13000,4.3
it_cruiser_etna_class,55000,18000,4.7
it_cruiser_capitani_romani_class_attilio_regolo,87000,25000,4.7
it_cruiser_trento,115000,33000,5.3
it_cruiser_bolzano,230000,73000,5.7
it_cruiser_zara_class,340000,110000,6
it_battleship_andrea_doria,440000,145000,6.3
it_battleship_caio_duilio,660000,220000,7.3
it_battleship_littorio_class_littorio,1190000,410000,8.3
it_destroyer_aquilone,0,2900,3.3
it_destroyer_fletcher_geniere,0,13000,4.7
it_destroyer_leone_class_tigre,0,25000,4
it_destroyer_soldati_serie1_geniere,0,,4.3
it_cruiser_zara_class_pola,0,110000,6
it_battleship_leonardo_da_vinci,0,180000,6.3
it_destroyer_soldati_serie1,0,,4
it_cruiser_cadorna_class_cadorna,0,,5
it_mas_classe500_3_1944,0,,1.0
it_vas_baglietto_68t_1serie,2100,4000,1.3
it_ms15_1a,16000,9200,1.3
it_mas_stefano_turr,32000,14000,1.7
it_a1_vosper,76000,26000,2.3
it_ms473_2a,180000,48000,2.3
it_mc490_folgore,300000,89000,3.3
it_mc492_baleno,360000,120000,3.3
it_alano_9851,640000,220000,3.7
it_cassiopea_p401,700000,250000,3.7
it_p494_saetta,780000,280000,4.7
it_mas_classe500_3,700,2900,1.0
it_ms53_2a,22000,11000,1.7
it_mas441,32000,14000,2
it_ms471_1a,115000,36000,2.3
it_ms473_2a_art,300000,89000,3
it_gabbiano_class,360000,120000,3.7
it_ciclone_class_ghibli,640000,220000,3.7
it_albatros_class_f543,700000,250000,4
it_mas_classe500_4,0,,1.0
it_ms444,0,,2.7
it_mc_485,0,,2.7
it_gabbiano_class_c16,0,,3.7
it_p420_sparviero,0,,3.7
it_albatros_class_f544,0,,4
it_p493_freccia,0,,4.7
fr_amc_34,0,,1.0
fr_hotchkiss_h35,0,,1.0
fr_fcm_36,0,,1.0
fr_amd_35,0,,1.0
fr_amc_35,700,2900,1.3
fr_amd_35_kwk39,10000,7900,2.7
fr_crusader_mk_2,16000,9200,2.7
fr_amx_13_fl_11,76000,26000,4.3
fr_panhard_ebr_1951,135000,40000,5.3
fr_amx_elc_bis,200000,63000,6
fr_amx_13_75,210000,71000,7
fr_aml_90,270000,95000,7.7
fr_amx_13_90,300000,53000,7.7
fr_marder_df_105,340000,120000,8
fr_mars_15,380000,135000,8.3
fr_amx_13_hot,450000,81000,8.3
fr_amx_10rc,450000,160000,8.3
fr_sk105_a2,520000,94000,8.7
fr_vbci,520000,190000,9.3
fr_vextra_105,710000,260000,10
fr_saint_chamond,0,,1.0
fr_hotchkiss_h39,0,,1.0
fr_somua_s35,700,2900,1.3
fr_m3a3_stuart,16000,9200,2.7
fr_m4a1_sherman,32000,14000,3.3
fr_m4a4_sherman,47000,18000,3.7
fr_m4a4_cn_75_50,105000,33000,5
fr_m26_pershing,200000,63000,6.7
fr_lorraine_40t,270000,95000,7.7
fr_bat_chat_25t,300000,53000,8
fr_amx_30_1972,340000,120000,8
fr_amx_30_b2,450000,160000,8.7
fr_amx_30_b2_brenus,520000,94000,8.7
fr_msc,710000,260000,11
fr_leclerc_s1,1080000,400000,12.7
fr_leclerc_s2,1100000,200000,12.7
fr_leclerc_sxxi,1100000,410000,12.7
fr_leclerc_azur,1120000,420000,12.7
fr_renault_r39,700,2900,1.0
fr_renault_d2,2100,4000,1.3
fr_b1_bis,10000,7900,2.3
fr_char_2c,16000,4600,2.3
fr_arl_44_acl1,47000,18000,3.7
fr_arl_44,105000,33000,5.3
fr_m4a3e2_sherman_jumbo,135000,20000,5.7
fr_amx_m4,210000,71000,7
fr_amx_50,300000,105000,7.7
fr_amx_50_surbaisse,340000,120000,7.7
fr_amx_32_105,520000,190000,9.3
fr_amx_32,620000,110000,9.7
fr_amx_40,710000,260000,10
fr_leopard_2a4nl,830000,300000,10.7
fr_leopard_2a5nl,1080000,400000,12.3
fr_leopard_2a6nl,1100000,410000,12.7
fr_citroen_kegresse_p4t,700,2900,1.3
fr_cckw_353_bofors,10000,7900,2.3
fr_amx_vtt_dca,16000,9200,3
fr_amx_13_dca_40,76000,26000,5
fr_tpk_641_vpc,105000,33000,5.7
fr_amx_10p,155000,46000,6.3
fr_amx_30_dca,380000,135000,8.7
fr_vab_santal,620000,220000,9.3
fr_amx_30_roland,710000,260000,9.7
fr_crotale_ng,1080000,400000,12
fr_samp_t_fcs,1100000,410000,12.7
fr_amr_35_zt3,700,2900,1.0
fr_lorraine_37l,2100,4000,1.3
fr_somua_sau40,6300,5900,1.7
fr_m4a3_105_sherman,22000,11000,3
fr_m10,32000,14000,3.3
fr_m44,47000,18000,4
fr_m55,76000,13000,4
fr_m36b2_cefeo,135000,40000,5.7
fr_lorraine_100,185000,54000,6
fr_amx_30_auf_1,240000,82000,7
fr_amx_50_foch,300000,105000,7.3
fr_amx_10m_acra,340000,61000,7.3
fr_amx_30_acra,380000,135000,8.3
fr_vcac_mephisto,450000,160000,8.7
fr_jaguar_ebrc,710000,260000,11
fr_hotchkiss_h39_cambronne,0,,1.0
fr_char_2c_bis,0,,1.7
fr_b1_ter,0,,2.7
fr_amx_13_chaffee,0,,3.7
fr_m4a1_sherman_fl_10,0,,5
fr_pzkpfw_v_panther_dauphine,0,,6
fr_amx_13_75_ss11,0,,7
fr_somua_sm,0,,7.7
fr_marder_clovis,0,,8
fr_amx_30,0,,8
fr_amx_30_super,0,,9.3
fr_vbci2_mct30,0,,9.7
fr_cv_9035_nl,0,,9.7
fr_leopard_2a4nl_les,0,,10.7
fr_amd_35_sa35,0,,1.7
fr_lvt_bofors,0,,3.7
fr_lorraine_155,0,,4.3
fr_amx_elc_901,0,,6
fr_panhard_ebr_1954,0,,7
fr_m46_patton,0,,7
fr_panhard_ebr_1963,0,,7.7
fr_amx_50_surblinde,0,,7.7
fr_amx_50_1950,0,,8
h_34_france,390000,,8
sa_316b,490000,150000,8.3
sa_341f,990000,370000,9
sa_342m,1000000,380000,9.7
tiger_had_france,1020000,400000,11
tiger_hac_france,1030000,200000,13
tiger_had_block2_france,1030000,400000,13
ah_64e_netherlands,1030000,400000,13
sa_313b_france,490000,150000,8.3
iar_316b,0,,8.3
tiger_hap_france,0,,10
ah_64d_netherlands,0,,11.7
d_371,0,,1.0
d_373,0,,1.0
caudron_cr714,700,2900,1.3
ms_405c1,2100,4000,2
ms_406c1,6300,3000,2
ms_410c1,10000,7900,2.3
vg_33,16000,9200,2.7
d_520_france,22000,5600,3
vb_10c1,47000,18000,4
vb_10_02,76000,26000,4.7
seafire_mk3_france,155000,46000,5
sea_fury_fb51,185000,54000,5.7
md_450b_ouragan,270000,95000,7.7
md_450b_barougan,300000,53000,7.7
md_452_mystere_2a,300000,105000,8
md_452_mystere_2c_preproduction,340000,61000,8.3
md_454_mystere_4a,450000,160000,8.7
md_460,520000,94000,9
mirage_3c,710000,260000,10
mirage_3e,830000,150000,10.7
mirage_f1c,950000,350000,12
mirage_2000c_s5,1080000,400000,12.7
mirage_2000_5f,1100000,410000,14
rafale_c_f3,1120000,420000,14.3
d_500,0,,1.0
d_501,700,1500,1.3
h-75a-1_france,700,2900,1.7
h-75a-4_france,2100,2000,2.3
potez_630,10000,7900,2.3
potez_631,16000,4600,2.3
f6f-5_france,22000,11000,3.3
mb_157,47000,18000,3.3
p-63c-5_france,76000,26000,4
f6f-5n_france,155000,46000,4.3
f8f1b_france,185000,54000,6.3
so_4050_vautour_2n_late,300000,105000,8.3
f-86k_late,450000,160000,9
alpha_jet_e,520000,190000,8.7
f-8e_fn,710000,260000,10
mirage_4000,1080000,400000,13
rafale_m_f3r,1120000,420000,14.3
v_156_f,700,2900,1.0
br_693_ab2,2100,4000,1.7
a-35b,22000,11000,2.7
mb_175t,32000,14000,3.3
sb2c_5_france,47000,18000,3.7
douglas_ad_4_france,155000,46000,6
f4u-7,185000,54000,6
f-84g_france,270000,95000,7.7
f-84f_france,380000,135000,8.3
f-100d_france,620000,220000,9.3
mirage_5f,710000,260000,10
mirage_f1ct,950000,350000,12
potez_633,700,2900,1.7
f_222_2,2100,4000,2.3
maryland_mk1_france,6300,5900,2
mb_174_a3,6300,3000,2.7
nc_223_3,10000,7900,3
leo_451_early,16000,9200,3
leo_451_late,22000,5600,3
b_26c_france,47000,18000,4.3
mb_162,76000,26000,5
pb4y-2_france,155000,46000,4.7
lancaster_mr7_france,185000,54000,5
so_4050_vautour_2b,450000,160000,9
so_4050_vautour_2a,520000,94000,9
etndard_4m,520000,190000,9
super_etendard_97,710000,260000,10.3
jaguar_a,830000,300000,10.7
mirage_2000d_r1,1080000,400000,12.3
mirage_2000d_rmv,1100000,410000,12.7
gladiator_mk1_belgium,700,2900,1.0
fokker_d21_netherlands,2100,4000,1.7
fokker_g1a,10000,7900,2.3
fokker_d23,16000,9200,2.3
firefly_mk4_netherlands,76000,26000,3.7
spitfire_fr_mk14e_belgium,200000,63000,5.7
meteor_fmk8_belgium,340000,120000,8
hunter_f6_holland,620000,220000,9.3
mirage_5ba,710000,260000,10.3
f-104g_belgium,830000,300000,11
f_16a_block_15_belgium,1080000,400000,13
f_16am_block_15_mlu_belgium,1100000,410000,13.7
d_510,0,,1.3
pby-5a_late_france,0,,1.7
loire_130,0,,1.3
p-40f-5_france_ep,0,,2.7
mb_152c1,0,,2.3
p-47d_22_re_france,0,,3.7
yak-9t_france,0,,4
yak-3_france,0,,4.3
so_8000_narval,0,,5.7
douglas_ad_4na_france,0,,6
sea_hawk_fga50_netherlands,0,,8.3
so_4050_vautour_2n,0,,9
mirage_milan,0,,9.7
nf_5a_netherlands,0,,10.7
mirage_f1c_200,0,,12
f_16a_block_15_ocu_belgium,0,,12.7
late_298d,0,,1.3
d_371_hs9,0,,1.3
gl_832,0,,1.3
mb_151c1,0,,1.7
p-39q_25_france,0,,3.7
p-51c-10_france,0,,3.7
sb_25j_netherlands,0,,3.7
fw-190a-8_france,0,,5
f-84f_iaf,0,,8.3
so_4050_vautour_2a_iaf,0,,9
jaguar_e,0,,10.7
mirage_2000c_s4,0,,12.3
fr_destroyer_bourrasque_class_bourrasque,0,,3.7
fr_destroyer_hunt_3series,2100,4000,4
fr_destroyer_aigle_class_vautour,16000,9000,4.3
fr_destroyer_vauquelin_class_vauquelin,22000,11000,4.3
fr_cruiser_chateaurenault_class_guichen,31000,13000,4.7
fr_destroyer_le_fantasque_class_le_malin,38000,15000,4.7
fr_destroyer_mogador_class_mogador,70000,21000,5
fr_cruiser_suffren_class_colbert,150000,46000,5.3
fr_cruiser_suffren_class_suffren,185000,59000,5.3
fr_battleship_courbet_class_paris,280000,90000,6
fr_battleship_bretagne_class_lorraine,440000,145000,6.3
fr_battleship_dunkerque,780000,260000,7
fr_battleship_richelieu_class_richelieu,1150000,400000,8.3
fr_destroyer_jaguar_class_leopard,700,2900,3.7
fr_destroyer_jaguar_class_chacal,5000,5300,4
fr_destroyer_desaix_class_kleber,8700,7000,4
fr_destroyer_aigle_class_milan,16000,9000,4.3
fr_destroyer_marceau_class_marceau,22000,11000,4.3
fr_cruiser_jeanne_darc,55000,18000,4.7
fr_cruiser_dugauy_class_primaguet,87000,25000,5
fr_cruiser_emile_bertin,115000,33000,5.3
fr_cruiser_la_galissoniere_class_la_galissoniere,185000,59000,5.7
fr_cruiser_la_galissoniere_class_gloire,230000,73000,5.7
fr_battleship_bretagne_class_bretagne,540000,180000,6.7
fr_battleship_richelieu_class_clemenceau,1150000,400000,8.3
fr_destroyer_jaguar_class_panthere,0,,3.7
fr_destroyer_bourrasque_class_tornade,0,,3.7
fr_destroyer_aigle_class_aigle,0,,4.3
fr_destroyer_le_fantasque_class_le_triomphant,0,,4.7
fr_cruiser_dugauy_class_dugauy_trouin,0,,5
fr_cruiser_suffren_class_dupleix,0,,5.7
fr_battleship_courbet_class_courbet,0,,6
fr_battleship_strasbourg,0,,7.3
fr_vtb8,0,,1.0
fr_vtb11,0,,1.0
fr_vtb14,0,,1.0
fr_vtb12_mod,0,,1.0
fr_vtb18,700,2900,1.0
fr_type40k_vedette,10000,7900,1.7
fr_adroit_class,76000,26000,2.7
fr_arras_class_arras,115000,36000,3
fr_vlt1,300000,89000,3.3
fr_p730_combattante,700000,250000,3.7
fr_vtb13,2100,4000,1.3
fr_mtb96_vosper,10000,7900,2
fr_flower_class_aconit,16000,9200,2.3
fr_lcg_m_l9059,76000,26000,2.7
fr_marne_class_marne,180000,48000,3.3
fr_elan_class_commandant_domine,230000,61000,3.3
fr_frigate_croix_de_lorraine_class_la_surprise,250000,75000,3.3
fr_frigate_corse_class_brestois,860000,320000,4.3
fr_vtb10,0,2900,1.0
fr_vtb9,0,4000,1.0
fr_arras_class_amiens,0,,3
fr_marne_class_aisne,0,48000,3.3
fr_vlt2,0,89000,3.3
fr_frigate_corse_class_corse,0,120000,4
sw_strv_m31,0,,1.0
sw_bt_42,2100,4000,1.7
sw_strv_m41_s2,16000,9200,2.7
sw_pvkv_iii,32000,14000,3.3
sw_m24_chaffee_dk,47000,18000,3.7
sw_pvkv_ii,76000,26000,4
sw_pbv_501,210000,71000,6.7
sw_ikv_91,270000,95000,8
sw_landsverk_ush_405,300000,105000,8
sw_cv_90105,380000,135000,8.7
sw_ikv_91_105,450000,160000,9
sw_cv_9030_fin,520000,190000,9.3
sw_strf_90b,620000,110000,9.7
sw_strf_90c,830000,300000,10.3
sw_cv_90120,1080000,400000,12
sw_strv_m38,0,,1.0
sw_strv_m40l,6300,5900,2
sw_lago_1,16000,9200,2.7
sw_strv_m42_eh,22000,11000,2.7
sw_pvkv_iv,47000,18000,3
sw_strv_m42_delat_torn,105000,33000,5
sw_strv_74,200000,63000,5.7
sw_strv_81,270000,95000,7.7
sw_strv_101,300000,105000,8
sw_strv_103a,340000,61000,8
sw_strv_104,450000,160000,8.7
sw_strv_103c,520000,94000,9
sw_strv_105,620000,220000,9.3
sw_strv_121,830000,300000,10.7
sw_strv_122,1080000,400000,12.7
sw_strv_122b_plss,1100000,200000,12.7
sw_strv_122b_plus,1100000,410000,12.7
sw_pvlvv_fm42,2100,4000,1.7
sw_pbv_301,10000,7900,2.3
sw_tgdgb_m40_lv,16000,9200,2.7
sw_l_62_anti_ii,47000,18000,3.3
sw_lvkv_42,105000,33000,4.7
sw_landsverk_ush_204_gk,185000,54000,5.3
sw_zsu_57_2,240000,82000,7
sw_veak_40,270000,95000,7.7
sw_itpsv_90,450000,160000,8.7
sw_lvrbv_701,620000,220000,9.7
sw_lvkv_90c,830000,300000,10.3
sw_asrad_r,950000,175000,10.3
sw_crotale_ng,1080000,400000,12
sw_eldenhet_98,1100000,410000,12
sw_nasams_fcs,1120000,420000,12.7
sw_ikv_72,700,2900,1.7
sw_sav_m43_1944,2100,4000,1.7
sw_stormpjas_fm43_44,10000,7900,1.7
sw_sav_m43_1946,22000,11000,3
sw_pvkv_m43_1946,76000,26000,4
sw_ikv_103,105000,17000,4
sw_pvkv_m43_1963,105000,33000,5
sw_bkan_1c,210000,71000,6.7
sw_pvrbv_551,300000,105000,8
sw_udes_33,380000,135000,8.3
sw_pbv_302_bill,450000,81000,8.7
sw_strf_9056,830000,300000,10.3
sw_cv_90_mk4,1080000,400000,10.7
sw_vickers_mk_e_37,700,2900,1.0
sw_t_28,2100,4000,1.7
sw_t_34_1941,47000,18000,4
sw_pzkpfw_iv_ausf_j,76000,13000,3.7
sw_pt_76b,105000,33000,5.3
sw_a_34_comet,135000,20000,5.3
sw_t_34_85_zis_53,200000,63000,5.7
sw_charioteer_mk_7,210000,71000,6.3
sw_t_54_1951,340000,120000,8
sw_t_55m,450000,160000,9
sw_t_72m1,620000,220000,9.3
sw_leopard_2a4_fin,830000,300000,10.7
sw_leopard_2a6nl,1080000,400000,12.7
sw_strv_m39,0,,1.0
sw_vickers_mk_e_45,0,,1.0
sw_strv_m41_s1,0,,2.7
sw_ikv_73,0,,2.7
sw_sav_fm48,0,,3.7
sw_sherman_3_4,0,,3.7
sw_kungstiger,0,,6.7
sw_strv_81_rb52,0,,7.7
sw_strv_103_0,0,,8
sw_leopard_1a5no,0,,9.3
sw_cv_9035_dk,0,,9.7
sw_cv_90105_tml,0,,10.3
sw_strv121b_christian2,0,,10.7
sw_t_80u,0,,11.3
sw_strv_m39_td,0,,1.0
sw_pbil_m40,0,,2
sw_kv_1_1942_fin,0,,4.7
sw_k9_vidar,0,,8
sw_bmp_2md,0,,8.7
sw_patria_amv_ctcv_105,0,,10
hkp3c,390000,,7.7
hkp2,490000,150000,8.3
hkp9a_cb2,980000,360000,9.3
hkp9a_cb3_fc,990000,370000,9.7
ahs,1020000,400000,11.7
mi_28a_sweden,0,400000,10.7
gladiator_j8a,0,,1.0
j6b,0,,1.0
fiat_cr42_j11,700,2900,1.3
re_2000_j20,10000,7900,2
ffvs_j22_a,16000,9200,3
ffvs_j22_b,47000,18000,3.7
saab_j21a_1,155000,46000,4.3
saab_j21a_2,185000,27000,4.3
saab_j21ra,240000,82000,6.7
saab_j29a,300000,105000,7.7
saab_j29f,450000,160000,9
saab_j32b,620000,220000,9.3
saab_j35d,710000,260000,10
saab_ja37,950000,350000,11.3
saab_ja37d,1080000,400000,12
saab_ja37di,1100000,200000,13
saab_jas39a,1100000,410000,13
saab_jas39c,1120000,420000,13.7
saab_jas39e,1120000,420000,14
saab_b17bs,700,2900,1.0
saab_b17b,2100,4000,1.3
saab_b17a,6300,3000,1.7
mosquito_f_mk2_norway,47000,18000,3.7
mosquito_fb_mk6_norway,76000,26000,3.7
mosquito_fb_mk6_ash_norway,105000,17000,3.7
saab_a21a_3,155000,46000,4.3
saab_a21rb,240000,82000,6.7
saab_j29b,300000,105000,7.7
saab_a32a,620000,220000,9
saab_aj37,710000,260000,10.3
saab_ajs37,950000,350000,11
f_16am_block_20_mlu_norway,1100000,410000,13.7
he_115a_2_sweden,700,2900,1.0
saab_b3c,2100,4000,1.3
saab_b18a,10000,7900,2.7
ju-88a-4_finland,16000,9200,3
saab_b18b,47000,18000,4
saab_t18b_1,76000,26000,4.3
saab_t18b_2,105000,17000,4.3
saab_sk60b,270000,95000,7
saab_105g,340000,120000,8.3
fokker_d21_serie3_finland,2100,4000,1.7
b_239_finland,10000,7900,2.7
hurricane_mk1_late_finland,16000,9200,2.3
p-51d-20-na_j26,47000,18000,4
bf-109g-2_finland,155000,46000,4.3
bf-109g-6_erla_finland,185000,27000,4.7
vampire_fb5_j28b,270000,95000,8
vampire_fb52_finland,300000,53000,8
hunter_f50_sweden,450000,160000,9
mig_21_bis_finland,830000,300000,11
fa_18c_finland,1100000,410000,14
fa_18c_mlu_2_finland,1120000,420000,14
gladiator_j8a_iacobi,0,,1.0
arado-196a-5,0,,1.3
fokker_d21_mod20,0,,2
morko_morane,0,,2.3
p-51b_7_sweden,0,,3.7
pyorremyrsky,0,,4.3
bf-109g-6_finland,0,,4.7
saab_105oe,0,,8.3
saab_j29d,0,,8.3
saab_a32a_red_adam,0,,9
saab_j35a,0,,9.3
saab_j35xs,0,,10.3
saab_f35_wdns,0,,10.3
f-5ag_norway,0,,11
saab_ja37di_f21,0,,13
j9_early,0,,2.3
vl_myrsky_2_late,0,,2.3
mosquito_j30_sweden,0,,3.7
il_m_51,155000,,6.3
il_m48a1_patton_iii,200000,63000,7.7
il_magach_2,210000,35000,7.7
il_magach_3_idf,240000,82000,8
il_magach_6,270000,48000,8
il_magach_6a,270000,95000,8
il_magach_5,300000,53000,8
il_magach_6r,380000,135000,8.7
il_magach_6b,450000,81000,8.7
il_magach_6_rocket,520000,94000,8.7
il_magach_6m,450000,160000,9
il_magach_6c,520000,94000,9.3
il_magach_6b_gal_batash,520000,190000,9.3
il_magach_7c,620000,110000,9.3
il_sabra_mk1,710000,260000,10
il_amx_13_75,185000,54000,7
il_aml_90,200000,63000,7.7
il_centurion_mk_5_shot,210000,71000,7.7
il_tiran_4,240000,82000,8
il_tiran_4_sh,270000,48000,8
il_centurion_shot_kal_alef,300000,105000,8
il_centurion_shot_kal_gimel,380000,135000,8.7
il_tiran_6,450000,81000,8.7
il_merkava_mk_1,450000,160000,9.3
il_merkava_mk_1b,520000,190000,9.7
il_merkava_mk_2b_early,620000,110000,9.7
il_merkava_mk_3b,830000,300000,11.3
il_merkava_mk_3c,950000,175000,11.3
il_merkava_mk_4b,1080000,400000,12.3
il_merkava_mk_4_lic,1100000,200000,12.3
il_merkava_mk_4m,1100000,410000,12.7
il_tcm_20,155000,46000,4.3
il_zsu_57_2,200000,63000,7
il_m163_vulcan,240000,82000,7.3
il_zsu_23_4,380000,135000,8
il_machbet,620000,220000,9.3
il_mim_72_chaparral,830000,300000,9.7
il_spyder_aio,1100000,410000,12.7
il_m109,155000,46000,6
il_m109a1,185000,54000,6.3
il_ss_11_halftrack,200000,31000,6.7
il_m113_hvms,340000,120000,7.7
il_m113a1_tow,450000,160000,8.3
il_namer_rcws_30,710000,260000,11.3
il_namer_tsrikhon,1080000,400000,11.3
il_m_51_w,0,,6.3
il_sholef,0,,7.3
il_magach_3,0,,8
il_centurion_shot_kal_d,0,,9
il_magach_6b_gal,0,,9.3
il_merkava_mk_2d,0,,10
il_merkava_mk_3_raam_segol,0,,11.3
ah_1g_iaf,390000,,8
ah_1q_iaf,980000,360000,9
ah_1f_iaf,1000000,380000,9.7
ah_64a_iaf,1010000,390000,11.7
ah_64d_i_saraph,1020000,400000,12
md_500_tow_late,490000,150000,9
ah_60_iaf,1020000,400000,13
ah_64a_peten_iaf,0,400000,11.7
spitfire_mk9c_iaf,185000,54000,4.3
spitfire_lf_mk9e_iaf,210000,71000,5.7
meteor_nfmk13,270000,95000,7.7
meteor_fmk8_iaf,300000,105000,8
md_454_mystere_4a_iaf,450000,160000,8.7
md_460_sambad,520000,190000,9
md_460_saar,620000,110000,9
mirage_3cj,710000,260000,10
kfir_c7,950000,350000,12
f_16a_block_10_iaf,1080000,400000,12.7
f_16c_block_40_barak_2,1100000,410000,13.7
s_199,155000,,3.3
p-51d-20-na_iaf,185000,54000,4
md_450b_ouragan_iaf,270000,95000,7.7
a_4h,380000,135000,8.3
a_4e_early_iaf,520000,94000,8.7
a_4n,620000,220000,9.7
f-4e_iaf,950000,350000,11.3
f-4e_kurnass_2000,1080000,400000,12.3
f_15a_iaf,1100000,410000,13
f_15c_baz_msip,1120000,420000,13.7
b-17g_iaf,200000,63000,5
so_4050_vautour_2a_israel_iaf,450000,160000,9
so_4050_vautour_2n_iaf,520000,94000,9
nesher,710000,260000,10
f_16d_block_40_barak_2,1080000,400000,13.3
f_16i_sufa,1100000,410000,14
f_15i_raam,1120000,420000,14
spitfire_lf_mk9e_weisman,0,,5.7
md_450b_ouragan_iaf_29,0,,7.7
meteor_frmk9_iaf,0,,8
f-84f_israel_iaf,0,,8.3
a_4e_late_iaf,0,,8.7
kfir_canard,0,,11
kfir_c2,0,,11.7
f_16a_block_10_netz_mod,0,,12.7
kfir_c10_colombia,0,,13
